2024-11-29 20:07:03,Auctioneer,"The current bid is $0 for Lightly played Alakazam Holofoil Pokemon Card, valued at $28.25 on TCGPlayer. Do I hear any advance on $0?",0
2024-11-29 20:07:04,Buyer_0,bid,0
2024-11-29 20:07:05,Buyer_1,bid,0
2024-11-29 20:07:05,Buyer_2,bid,0
2024-11-29 20:07:06,Buyer_3,bid,0
2024-11-29 20:07:06,Buyer_4,bid,0
2024-11-29 20:07:07,Buyer_5,bid,0
2024-11-29 20:07:07,Buyer_6,bid,0
2024-11-29 20:07:07,Buyer_7,bid,0
2024-11-29 20:07:08,Buyer_8,bid,0
2024-11-29 20:07:08,Buyer_9,bid,0
2024-11-29 20:07:08,Auctioneer,"The current bid is $1 for Lightly played Alakazam Holofoil Pokemon Card, valued at $28.25 on TCGPlayer. Do I hear any advance on $1?",1
2024-11-29 20:07:09,Buyer_0,bid,1
2024-11-29 20:07:09,Buyer_1,bid,1
2024-11-29 20:07:10,Buyer_2,bid,1
2024-11-29 20:07:10,Buyer_3,bid,1
2024-11-29 20:07:10,Buyer_4,bid,1
2024-11-29 20:07:11,Buyer_5,bid,1
2024-11-29 20:07:11,Buyer_6,bid,1
2024-11-29 20:07:12,Buyer_7,pass,1
2024-11-29 20:07:12,Buyer_8,bid,1
2024-11-29 20:07:12,Buyer_9,bid,1
2024-11-29 20:07:12,Auctioneer,"The current bid is $2 for Lightly played Alakazam Holofoil Pokemon Card, valued at $28.25 on TCGPlayer. Do I hear any advance on $2?",2
2024-11-29 20:07:12,Buyer_0,bid,2
2024-11-29 20:07:13,Buyer_1,bid,2
2024-11-29 20:07:13,Buyer_2,bid,2
2024-11-29 20:07:14,Buyer_3,bid,2
2024-11-29 20:07:14,Buyer_4,pass,2
2024-11-29 20:07:15,Buyer_5,bid,2
2024-11-29 20:07:15,Buyer_6,bid,2
2024-11-29 20:07:15,Buyer_7,pass,2
2024-11-29 20:07:16,Buyer_8,bid,2
2024-11-29 20:07:16,Buyer_9,pass,2
2024-11-29 20:07:16,Auctioneer,"The current bid is $3 for Lightly played Alakazam Holofoil Pokemon Card, valued at $28.25 on TCGPlayer. Do I hear any advance on $3?",3
2024-11-29 20:07:16,Buyer_0,bid,3
2024-11-29 20:07:17,Buyer_1,pass,3
2024-11-29 20:07:17,Buyer_2,bid,3
2024-11-29 20:07:17,Buyer_3,bid,3
2024-11-29 20:07:18,Buyer_4,pass,3
2024-11-29 20:07:18,Buyer_5,pass,3
2024-11-29 20:07:19,Buyer_6,bid,3
2024-11-29 20:07:20,Buyer_7,pass,3
2024-11-29 20:07:20,Buyer_8,bid,3
2024-11-29 20:07:21,Buyer_9,pass,3
2024-11-29 20:07:21,Auctioneer,"The current bid is $4 for Lightly played Alakazam Holofoil Pokemon Card, valued at $28.25 on TCGPlayer. Do I hear any advance on $4?",4
2024-11-29 20:07:21,Buyer_0,bid,4
2024-11-29 20:07:21,Buyer_1,pass,4
2024-11-29 20:07:22,Buyer_2,bid,4
2024-11-29 20:07:23,Buyer_3,bid,4
2024-11-29 20:07:23,Buyer_4,pass,4
2024-11-29 20:07:24,Buyer_5,pass,4
2024-11-29 20:07:24,Buyer_6,bid,4
2024-11-29 20:07:25,Buyer_7,pass,4
2024-11-29 20:07:25,Buyer_8,bid,4
2024-11-29 20:07:25,Buyer_9,pass,4
2024-11-29 20:07:25,Auctioneer,"The current bid is $5 for Lightly played Alakazam Holofoil Pokemon Card, valued at $28.25 on TCGPlayer. Do I hear any advance on $5?",5
2024-11-29 20:07:26,Buyer_0,bid,5
2024-11-29 20:07:26,Buyer_1,pass,5
2024-11-29 20:07:26,Buyer_2,bid,5
2024-11-29 20:07:27,Buyer_3,bid,5
2024-11-29 20:07:27,Buyer_4,pass,5
2024-11-29 20:07:28,Buyer_5,pass,5
2024-11-29 20:07:28,Buyer_6,bid,5
2024-11-29 20:07:28,Buyer_7,pass,5
2024-11-29 20:07:29,Buyer_8,bid,5
2024-11-29 20:07:29,Buyer_9,pass,5
2024-11-29 20:07:29,Auctioneer,"The current bid is $6 for Lightly played Alakazam Holofoil Pokemon Card, valued at $28.25 on TCGPlayer. Do I hear any advance on $6?",6
2024-11-29 20:07:30,Buyer_0,bid,6
2024-11-29 20:07:30,Buyer_1,pass,6
2024-11-29 20:07:30,Buyer_2,bid,6
2024-11-29 20:07:31,Buyer_3,bid,6
2024-11-29 20:07:31,Buyer_4,pass,6
2024-11-29 20:07:31,Buyer_5,pass,6
2024-11-29 20:07:32,Buyer_6,bid,6
2024-11-29 20:07:32,Buyer_7,pass,6
2024-11-29 20:07:33,Buyer_8,bid,6
2024-11-29 20:07:33,Buyer_9,pass,6
2024-11-29 20:07:33,Auctioneer,"The current bid is $7 for Lightly played Alakazam Holofoil Pokemon Card, valued at $28.25 on TCGPlayer. Do I hear any advance on $7?",7
2024-11-29 20:07:33,Buyer_0,bid,7
2024-11-29 20:07:34,Buyer_1,pass,7
2024-11-29 20:07:34,Buyer_2,bid,7
2024-11-29 20:07:35,Buyer_3,bid,7
2024-11-29 20:07:35,Buyer_4,pass,7
2024-11-29 20:07:35,Buyer_5,pass,7
2024-11-29 20:07:36,Buyer_6,bid,7
2024-11-29 20:07:36,Buyer_7,pass,7
2024-11-29 20:07:36,Buyer_8,bid,7
2024-11-29 20:07:38,Buyer_9,pass,7
2024-11-29 20:07:38,Auctioneer,"The current bid is $8 for Lightly played Alakazam Holofoil Pokemon Card, valued at $28.25 on TCGPlayer. Do I hear any advance on $8?",8
2024-11-29 20:07:38,Buyer_0,bid,8
2024-11-29 20:07:38,Buyer_1,pass,8
2024-11-29 20:07:39,Buyer_2,bid,8
2024-11-29 20:07:39,Buyer_3,bid,8
2024-11-29 20:07:39,Buyer_4,pass,8
2024-11-29 20:07:40,Buyer_5,pass,8
2024-11-29 20:07:40,Buyer_6,bid,8
2024-11-29 20:07:40,Buyer_7,pass,8
2024-11-29 20:07:41,Buyer_8,bid,8
2024-11-29 20:07:41,Buyer_9,pass,8
2024-11-29 20:07:41,Auctioneer,"The current bid is $9 for Lightly played Alakazam Holofoil Pokemon Card, valued at $28.25 on TCGPlayer. Do I hear any advance on $9?",9
2024-11-29 20:07:42,Buyer_0,bid,9
2024-11-29 20:07:42,Buyer_1,pass,9
2024-11-29 20:07:42,Buyer_2,bid,9
2024-11-29 20:07:43,Buyer_3,bid,9
2024-11-29 20:07:43,Buyer_4,pass,9
2024-11-29 20:07:44,Buyer_5,pass,9
2024-11-29 20:07:44,Buyer_6,bid,9
2024-11-29 20:07:44,Buyer_7,pass,9
2024-11-29 20:07:45,Buyer_8,bid,9
2024-11-29 20:07:45,Buyer_9,pass,9
2024-11-29 20:07:45,Auctioneer,"The current bid is $10 for Lightly played Alakazam Holofoil Pokemon Card, valued at $28.25 on TCGPlayer. Do I hear any advance on $10?",10
2024-11-29 20:07:46,Buyer_0,bid,10
2024-11-29 20:07:46,Buyer_1,pass,10
2024-11-29 20:07:46,Buyer_2,bid,10
2024-11-29 20:07:47,Buyer_3,bid,10
2024-11-29 20:07:47,Buyer_4,pass,10
2024-11-29 20:07:47,Buyer_5,pass,10
2024-11-29 20:07:48,Buyer_6,bid,10
2024-11-29 20:07:48,Buyer_7,pass,10
2024-11-29 20:07:49,Buyer_8,bid,10
2024-11-29 20:07:49,Buyer_9,pass,10
2024-11-29 20:07:49,Auctioneer,"The current bid is $11 for Lightly played Alakazam Holofoil Pokemon Card, valued at $28.25 on TCGPlayer. Do I hear any advance on $11?",11
2024-11-29 20:07:50,Buyer_0,bid,11
2024-11-29 20:07:50,Buyer_1,pass,11
2024-11-29 20:07:50,Buyer_2,bid,11
2024-11-29 20:07:52,Buyer_3,bid,11
2024-11-29 20:07:52,Buyer_4,pass,11
2024-11-29 20:07:53,Buyer_5,pass,11
2024-11-29 20:07:54,Buyer_6,bid,11
2024-11-29 20:07:54,Buyer_7,pass,11
2024-11-29 20:07:54,Buyer_8,bid,11
2024-11-29 20:07:55,Buyer_9,pass,11
2024-11-29 20:07:55,Auctioneer,"The current bid is $12 for Lightly played Alakazam Holofoil Pokemon Card, valued at $28.25 on TCGPlayer. Do I hear any advance on $12?",12
2024-11-29 20:07:55,Buyer_0,bid,12
2024-11-29 20:07:56,Buyer_1,pass,12
2024-11-29 20:07:56,Buyer_2,bid,12
2024-11-29 20:07:56,Buyer_3,bid,12
2024-11-29 20:07:57,Buyer_4,pass,12
2024-11-29 20:07:57,Buyer_5,pass,12
2024-11-29 20:07:57,Buyer_6,bid,12
2024-11-29 20:07:58,Buyer_7,pass,12
2024-11-29 20:08:01,Buyer_8,bid,12
2024-11-29 20:08:02,Buyer_9,pass,12
2024-11-29 20:08:02,Auctioneer,"The current bid is $13 for Lightly played Alakazam Holofoil Pokemon Card, valued at $28.25 on TCGPlayer. Do I hear any advance on $13?",13
2024-11-29 20:08:02,Buyer_0,bid,13
2024-11-29 20:08:03,Buyer_1,pass,13
2024-11-29 20:08:04,Buyer_2,bid,13
2024-11-29 20:08:05,Buyer_3,bid,13
2024-11-29 20:08:05,Buyer_4,pass,13
2024-11-29 20:08:05,Buyer_5,pass,13
2024-11-29 20:08:06,Buyer_6,pass,13
2024-11-29 20:08:06,Buyer_7,pass,13
2024-11-29 20:08:07,Buyer_8,pass,13
2024-11-29 20:08:07,Buyer_9,pass,13
2024-11-29 20:08:07,Auctioneer,"The current bid is $14 for Lightly played Alakazam Holofoil Pokemon Card, valued at $28.25 on TCGPlayer. Do I hear any advance on $14?",14
2024-11-29 20:08:07,Buyer_0,bid,14
2024-11-29 20:08:08,Buyer_1,pass,14
2024-11-29 20:08:08,Buyer_2,pass,14
2024-11-29 20:08:09,Buyer_3,bid,14
2024-11-29 20:08:09,Buyer_4,pass,14
2024-11-29 20:08:09,Buyer_5,pass,14
2024-11-29 20:08:09,Buyer_6,pass,14
2024-11-29 20:08:10,Buyer_7,pass,14
2024-11-29 20:08:10,Buyer_8,pass,14
2024-11-29 20:08:11,Buyer_9,pass,14
2024-11-29 20:08:11,Auctioneer,"The current bid is $15 for Lightly played Alakazam Holofoil Pokemon Card, valued at $28.25 on TCGPlayer. Do I hear any advance on $15?",15
2024-11-29 20:08:11,Buyer_0,bid,15
2024-11-29 20:08:11,Buyer_1,pass,15
2024-11-29 20:08:12,Buyer_2,pass,15
2024-11-29 20:08:13,Buyer_3,bid,15
2024-11-29 20:08:13,Buyer_4,pass,15
2024-11-29 20:08:13,Buyer_5,pass,15
2024-11-29 20:08:14,Buyer_6,pass,15
2024-11-29 20:08:14,Buyer_7,pass,15
2024-11-29 20:08:15,Buyer_8,pass,15
2024-11-29 20:08:15,Buyer_9,pass,15
2024-11-29 20:08:15,Auctioneer,"The current bid is $16 for Lightly played Alakazam Holofoil Pokemon Card, valued at $28.25 on TCGPlayer. Do I hear any advance on $16?",16
2024-11-29 20:08:15,Buyer_0,bid,16
2024-11-29 20:08:16,Buyer_1,pass,16
2024-11-29 20:08:17,Buyer_2,pass,16
2024-11-29 20:08:17,Buyer_3,bid,16
2024-11-29 20:08:17,Buyer_4,pass,16
2024-11-29 20:08:17,Buyer_5,pass,16
2024-11-29 20:08:18,Buyer_6,pass,16
2024-11-29 20:08:18,Buyer_7,pass,16
2024-11-29 20:08:19,Buyer_8,pass,16
2024-11-29 20:08:19,Buyer_9,pass,16
2024-11-29 20:08:19,Auctioneer,"The current bid is $17 for Lightly played Alakazam Holofoil Pokemon Card, valued at $28.25 on TCGPlayer. Do I hear any advance on $17?",17
2024-11-29 20:08:20,Buyer_0,bid,17
2024-11-29 20:08:20,Buyer_1,pass,17
2024-11-29 20:08:20,Buyer_2,pass,17
2024-11-29 20:08:21,Buyer_3,bid,17
2024-11-29 20:08:21,Buyer_4,pass,17
2024-11-29 20:08:22,Buyer_5,pass,17
2024-11-29 20:08:22,Buyer_6,pass,17
2024-11-29 20:08:22,Buyer_7,pass,17
2024-11-29 20:08:23,Buyer_8,pass,17
2024-11-29 20:08:23,Buyer_9,pass,17
2024-11-29 20:08:23,Auctioneer,"The current bid is $18 for Lightly played Alakazam Holofoil Pokemon Card, valued at $28.25 on TCGPlayer. Do I hear any advance on $18?",18
2024-11-29 20:08:24,Buyer_0,bid,18
2024-11-29 20:08:24,Buyer_1,pass,18
2024-11-29 20:08:24,Buyer_2,pass,18
2024-11-29 20:08:25,Buyer_3,bid,18
2024-11-29 20:08:26,Buyer_4,pass,18
2024-11-29 20:08:26,Buyer_5,pass,18
2024-11-29 20:08:27,Buyer_6,pass,18
2024-11-29 20:08:27,Buyer_7,pass,18
2024-11-29 20:08:27,Buyer_8,pass,18
2024-11-29 20:08:28,Buyer_9,pass,18
2024-11-29 20:08:28,Auctioneer,"The current bid is $19 for Lightly played Alakazam Holofoil Pokemon Card, valued at $28.25 on TCGPlayer. Do I hear any advance on $19?",19
2024-11-29 20:08:28,Buyer_0,bid,19
2024-11-29 20:08:29,Buyer_1,pass,19
2024-11-29 20:08:29,Buyer_2,pass,19
2024-11-29 20:08:30,Buyer_3,bid,19
2024-11-29 20:08:31,Buyer_4,pass,19
2024-11-29 20:08:31,Buyer_5,pass,19
2024-11-29 20:08:32,Buyer_6,pass,19
2024-11-29 20:08:32,Buyer_7,pass,19
2024-11-29 20:08:32,Buyer_8,pass,19
2024-11-29 20:08:33,Buyer_9,pass,19
2024-11-29 20:08:33,Auctioneer,"The current bid is $20 for Lightly played Alakazam Holofoil Pokemon Card, valued at $28.25 on TCGPlayer. Do I hear any advance on $20?",20
2024-11-29 20:08:33,Buyer_0,bid,20
2024-11-29 20:08:33,Buyer_1,pass,20
2024-11-29 20:08:34,Buyer_2,pass,20
2024-11-29 20:08:34,Buyer_3,bid,20
2024-11-29 20:08:34,Buyer_4,pass,20
2024-11-29 20:08:35,Buyer_5,pass,20
2024-11-29 20:08:35,Buyer_6,pass,20
2024-11-29 20:08:36,Buyer_7,pass,20
2024-11-29 20:08:36,Buyer_8,pass,20
2024-11-29 20:08:37,Buyer_9,pass,20
2024-11-29 20:08:37,Auctioneer,"The current bid is $21 for Lightly played Alakazam Holofoil Pokemon Card, valued at $28.25 on TCGPlayer. Do I hear any advance on $21?",21
2024-11-29 20:08:37,Buyer_0,pass,21
2024-11-29 20:08:38,Buyer_1,pass,21
2024-11-29 20:08:40,Buyer_2,pass,21
2024-11-29 20:08:41,Buyer_3,bid,21
2024-11-29 20:08:41,Buyer_4,pass,21
2024-11-29 20:08:41,Buyer_5,pass,21
2024-11-29 20:08:42,Buyer_6,pass,21
2024-11-29 20:08:42,Buyer_7,pass,21
2024-11-29 20:08:43,Buyer_8,pass,21
2024-11-29 20:08:43,Buyer_9,pass,21
2024-11-29 20:08:43,Auctioneer,Buyer_0 pays $20,21
2024-11-29 20:08:43,Auctioneer,Buyer_1 pays $2,21
2024-11-29 20:08:43,Auctioneer,Buyer_2 pays $13,21
2024-11-29 20:08:43,Auctioneer,Buyer_3 pays $21,21
2024-11-29 20:08:43,Auctioneer,Buyer_4 pays $1,21
2024-11-29 20:08:43,Auctioneer,Buyer_5 pays $2,21
2024-11-29 20:08:43,Auctioneer,Buyer_6 pays $12,21
2024-11-29 20:08:43,Auctioneer,Buyer_8 pays $12,21
2024-11-29 20:08:43,Auctioneer,Buyer_9 pays $1,21
2024-11-29 20:10:00,Auctioneer,"The current bid is $0 for Lightly played Alakazam Holofoil Pokemon Card, valued at $28.25 on TCGPlayer. Do I hear any advance on $0?",0
2024-11-29 20:10:01,Buyer_0,bid,0
2024-11-29 20:10:01,Buyer_1,bid,0
2024-11-29 20:10:02,Buyer_2,bid,0
2024-11-29 20:10:02,Buyer_3,bid,0
2024-11-29 20:10:03,Buyer_4,bid,0
2024-11-29 20:10:03,Buyer_5,bid,0
2024-11-29 20:10:03,Buyer_6,bid,0
2024-11-29 20:10:04,Buyer_7,bid,0
2024-11-29 20:10:04,Buyer_8,bid,0
2024-11-29 20:10:04,Buyer_9,bid,0
2024-11-29 20:10:04,Auctioneer,"The current bid is $1 for Lightly played Alakazam Holofoil Pokemon Card, valued at $28.25 on TCGPlayer. Do I hear any advance on $1?",1
2024-11-29 20:10:05,Buyer_0,bid,1
2024-11-29 20:10:05,Buyer_1,bid,1
2024-11-29 20:10:05,Buyer_2,bid,1
2024-11-29 20:10:06,Buyer_3,bid,1
2024-11-29 20:10:07,Buyer_4,pass,1
2024-11-29 20:10:08,Buyer_5,bid,1
2024-11-29 20:10:08,Buyer_6,bid,1
2024-11-29 20:10:08,Buyer_7,bid,1
2024-11-29 20:10:09,Buyer_8,pass,1
2024-11-29 20:10:10,Buyer_9,pass,1
2024-11-29 20:10:10,Auctioneer,"The current bid is $2 for Lightly played Alakazam Holofoil Pokemon Card, valued at $28.25 on TCGPlayer. Do I hear any advance on $2?",2
2024-11-29 20:10:10,Buyer_0,bid,2
2024-11-29 20:10:10,Buyer_1,bid,2
2024-11-29 20:10:11,Buyer_2,bid,2
2024-11-29 20:10:11,Buyer_3,pass,2
2024-11-29 20:10:12,Buyer_4,pass,2
2024-11-29 20:10:12,Buyer_5,bid,2
2024-11-29 20:10:13,Buyer_6,bid,2
2024-11-29 20:10:13,Buyer_7,bid,2
2024-11-29 20:10:14,Buyer_8,pass,2
2024-11-29 20:10:14,Buyer_9,pass,2
2024-11-29 20:10:14,Auctioneer,"The current bid is $3 for Lightly played Alakazam Holofoil Pokemon Card, valued at $28.25 on TCGPlayer. Do I hear any advance on $3?",3
2024-11-29 20:10:15,Buyer_0,bid,3
2024-11-29 20:10:15,Buyer_1,bid,3
2024-11-29 20:10:15,Buyer_2,pass,3
2024-11-29 20:10:16,Buyer_3,pass,3
2024-11-29 20:10:16,Buyer_4,pass,3
2024-11-29 20:10:16,Buyer_5,bid,3
2024-11-29 20:10:17,Buyer_6,bid,3
2024-11-29 20:10:17,Buyer_7,bid,3
2024-11-29 20:10:18,Buyer_8,pass,3
2024-11-29 20:10:18,Buyer_9,pass,3
2024-11-29 20:10:18,Auctioneer,"The current bid is $4 for Lightly played Alakazam Holofoil Pokemon Card, valued at $28.25 on TCGPlayer. Do I hear any advance on $4?",4
2024-11-29 20:10:18,Buyer_0,bid,4
2024-11-29 20:10:19,Buyer_1,bid,4
2024-11-29 20:10:20,Buyer_2,pass,4
2024-11-29 20:10:21,Buyer_3,pass,4
2024-11-29 20:10:21,Buyer_4,pass,4
2024-11-29 20:10:21,Buyer_5,bid,4
2024-11-29 20:10:22,Buyer_6,bid,4
2024-11-29 20:10:22,Buyer_7,bid,4
2024-11-29 20:10:23,Buyer_8,pass,4
2024-11-29 20:10:23,Buyer_9,pass,4
2024-11-29 20:10:23,Auctioneer,"The current bid is $5 for Lightly played Alakazam Holofoil Pokemon Card, valued at $28.25 on TCGPlayer. Do I hear any advance on $5?",5
2024-11-29 20:10:23,Buyer_0,pass,5
2024-11-29 20:10:24,Buyer_1,bid,5
2024-11-29 20:10:24,Buyer_2,pass,5
2024-11-29 20:10:25,Buyer_3,pass,5
2024-11-29 20:10:25,Buyer_4,pass,5
2024-11-29 20:10:25,Buyer_5,bid,5
2024-11-29 20:10:26,Buyer_6,bid,5
2024-11-29 20:10:26,Buyer_7,bid,5
2024-11-29 20:10:27,Buyer_8,pass,5
2024-11-29 20:10:27,Buyer_9,pass,5
2024-11-29 20:10:27,Auctioneer,"The current bid is $6 for Lightly played Alakazam Holofoil Pokemon Card, valued at $28.25 on TCGPlayer. Do I hear any advance on $6?",6
2024-11-29 20:10:27,Buyer_0,pass,6
2024-11-29 20:10:28,Buyer_1,pass,6
2024-11-29 20:10:28,Buyer_2,pass,6
2024-11-29 20:10:29,Buyer_3,pass,6
2024-11-29 20:10:29,Buyer_4,pass,6
2024-11-29 20:10:29,Buyer_5,bid,6
2024-11-29 20:10:30,Buyer_6,bid,6
2024-11-29 20:10:31,Buyer_7,pass,6
2024-11-29 20:10:31,Buyer_8,pass,6
2024-11-29 20:10:32,Buyer_9,pass,6
2024-11-29 20:10:32,Auctioneer,"The current bid is $7 for Lightly played Alakazam Holofoil Pokemon Card, valued at $28.25 on TCGPlayer. Do I hear any advance on $7?",7
2024-11-29 20:10:32,Buyer_0,pass,7
2024-11-29 20:10:32,Buyer_1,pass,7
2024-11-29 20:10:33,Buyer_2,pass,7
2024-11-29 20:10:33,Buyer_3,pass,7
2024-11-29 20:10:33,Buyer_4,pass,7
2024-11-29 20:10:34,Buyer_5,bid,7
2024-11-29 20:10:34,Buyer_6,bid,7
2024-11-29 20:10:35,Buyer_7,pass,7
2024-11-29 20:10:35,Buyer_8,pass,7
2024-11-29 20:10:36,Buyer_9,pass,7
2024-11-29 20:10:36,Auctioneer,"The current bid is $8 for Lightly played Alakazam Holofoil Pokemon Card, valued at $28.25 on TCGPlayer. Do I hear any advance on $8?",8
2024-11-29 20:10:36,Buyer_0,pass,8
2024-11-29 20:10:37,Buyer_1,pass,8
2024-11-29 20:10:37,Buyer_2,pass,8
2024-11-29 20:10:37,Buyer_3,pass,8
2024-11-29 20:10:38,Buyer_4,pass,8
2024-11-29 20:10:38,Buyer_5,bid,8
2024-11-29 20:10:39,Buyer_6,bid,8
2024-11-29 20:10:39,Buyer_7,pass,8
2024-11-29 20:10:39,Buyer_8,pass,8
2024-11-29 20:10:40,Buyer_9,pass,8
2024-11-29 20:10:40,Auctioneer,"The current bid is $9 for Lightly played Alakazam Holofoil Pokemon Card, valued at $28.25 on TCGPlayer. Do I hear any advance on $9?",9
2024-11-29 20:10:40,Buyer_0,pass,9
2024-11-29 20:10:41,Buyer_1,pass,9
2024-11-29 20:10:41,Buyer_2,pass,9
2024-11-29 20:10:41,Buyer_3,pass,9
2024-11-29 20:10:42,Buyer_4,pass,9
2024-11-29 20:10:42,Buyer_5,bid,9
2024-11-29 20:10:42,Buyer_6,bid,9
2024-11-29 20:10:43,Buyer_7,pass,9
2024-11-29 20:10:43,Buyer_8,pass,9
2024-11-29 20:10:44,Buyer_9,pass,9
2024-11-29 20:10:44,Auctioneer,"The current bid is $10 for Lightly played Alakazam Holofoil Pokemon Card, valued at $28.25 on TCGPlayer. Do I hear any advance on $10?",10
2024-11-29 20:10:44,Buyer_0,pass,10
2024-11-29 20:10:45,Buyer_1,pass,10
2024-11-29 20:10:45,Buyer_2,pass,10
2024-11-29 20:10:45,Buyer_3,pass,10
2024-11-29 20:10:46,Buyer_4,pass,10
2024-11-29 20:10:46,Buyer_5,bid,10
2024-11-29 20:10:46,Buyer_6,bid,10
2024-11-29 20:10:47,Buyer_7,pass,10
2024-11-29 20:10:47,Buyer_8,pass,10
2024-11-29 20:10:47,Buyer_9,pass,10
2024-11-29 20:10:47,Auctioneer,"The current bid is $11 for Lightly played Alakazam Holofoil Pokemon Card, valued at $28.25 on TCGPlayer. Do I hear any advance on $11?",11
2024-11-29 20:10:48,Buyer_0,pass,11
2024-11-29 20:10:48,Buyer_1,pass,11
2024-11-29 20:10:48,Buyer_2,pass,11
2024-11-29 20:10:49,Buyer_3,pass,11
2024-11-29 20:10:49,Buyer_4,pass,11
2024-11-29 20:10:50,Buyer_5,bid,11
2024-11-29 20:10:50,Buyer_6,bid,11
2024-11-29 20:10:51,Buyer_7,pass,11
2024-11-29 20:10:51,Buyer_8,pass,11
2024-11-29 20:10:52,Buyer_9,pass,11
2024-11-29 20:10:52,Auctioneer,"The current bid is $12 for Lightly played Alakazam Holofoil Pokemon Card, valued at $28.25 on TCGPlayer. Do I hear any advance on $12?",12
2024-11-29 20:10:52,Buyer_0,pass,12
2024-11-29 20:10:53,Buyer_1,pass,12
2024-11-29 20:10:53,Buyer_2,pass,12
2024-11-29 20:10:54,Buyer_3,pass,12
2024-11-29 20:10:54,Buyer_4,pass,12
2024-11-29 20:10:54,Buyer_5,bid,12
2024-11-29 20:10:56,Buyer_6,bid,12
2024-11-29 20:10:56,Buyer_7,pass,12
2024-11-29 20:10:57,Buyer_8,pass,12
2024-11-29 20:10:57,Buyer_9,pass,12
2024-11-29 20:10:57,Auctioneer,"The current bid is $13 for Lightly played Alakazam Holofoil Pokemon Card, valued at $28.25 on TCGPlayer. Do I hear any advance on $13?",13
2024-11-29 20:10:58,Buyer_0,pass,13
2024-11-29 20:10:58,Buyer_1,pass,13
2024-11-29 20:10:58,Buyer_2,pass,13
2024-11-29 20:10:59,Buyer_3,pass,13
2024-11-29 20:10:59,Buyer_4,pass,13
2024-11-29 20:10:59,Buyer_5,bid,13
2024-11-29 20:11:00,Buyer_6,pass,13
2024-11-29 20:11:01,Buyer_7,pass,13
2024-11-29 20:11:01,Buyer_8,pass,13
2024-11-29 20:11:02,Buyer_9,pass,13
2024-11-29 20:11:02,Auctioneer,Buyer_0 pays $4,13
2024-11-29 20:11:02,Auctioneer,Buyer_1 pays $5,13
2024-11-29 20:11:02,Auctioneer,Buyer_2 pays $2,13
2024-11-29 20:11:02,Auctioneer,Buyer_3 pays $1,13
2024-11-29 20:11:02,Auctioneer,Buyer_5 pays $13,13
2024-11-29 20:11:02,Auctioneer,Buyer_6 pays $12,13
2024-11-29 20:11:02,Auctioneer,Buyer_7 pays $5,13
2024-11-29 20:12:21,Auctioneer,"The current bid is $0 for Lightly played Alakazam Holofoil Pokemon Card, valued at $28.25 on TCGPlayer. Do I hear any advance on $0?",0
2024-11-29 20:12:21,Buyer_0,bid,0
2024-11-29 20:12:22,Buyer_1,bid,0
2024-11-29 20:12:22,Buyer_2,bid,0
2024-11-29 20:12:23,Buyer_3,bid,0
2024-11-29 20:12:23,Buyer_4,bid,0
2024-11-29 20:12:24,Buyer_5,bid,0
2024-11-29 20:12:24,Buyer_6,pass,0
2024-11-29 20:12:24,Buyer_7,bid,0
2024-11-29 20:12:25,Buyer_8,bid,0
2024-11-29 20:12:25,Buyer_9,bid,0
2024-11-29 20:12:25,Auctioneer,"The current bid is $1 for Lightly played Alakazam Holofoil Pokemon Card, valued at $28.25 on TCGPlayer. Do I hear any advance on $1?",1
2024-11-29 20:12:26,Buyer_0,bid,1
2024-11-29 20:12:26,Buyer_1,bid,1
2024-11-29 20:12:26,Buyer_2,bid,1
2024-11-29 20:12:27,Buyer_3,bid,1
2024-11-29 20:12:27,Buyer_4,bid,1
2024-11-29 20:12:28,Buyer_5,bid,1
2024-11-29 20:12:28,Buyer_6,pass,1
2024-11-29 20:12:29,Buyer_7,bid,1
2024-11-29 20:12:29,Buyer_8,bid,1
2024-11-29 20:12:30,Buyer_9,bid,1
2024-11-29 20:12:30,Auctioneer,"The current bid is $2 for Lightly played Alakazam Holofoil Pokemon Card, valued at $28.25 on TCGPlayer. Do I hear any advance on $2?",2
2024-11-29 20:12:30,Buyer_0,bid,2
2024-11-29 20:12:31,Buyer_1,bid,2
2024-11-29 20:12:31,Buyer_2,pass,2
2024-11-29 20:12:31,Buyer_3,bid,2
2024-11-29 20:12:32,Buyer_4,pass,2
2024-11-29 20:12:32,Buyer_5,pass,2
2024-11-29 20:12:32,Buyer_6,pass,2
2024-11-29 20:12:33,Buyer_7,pass,2
2024-11-29 20:12:33,Buyer_8,bid,2
2024-11-29 20:12:33,Buyer_9,bid,2
2024-11-29 20:12:33,Auctioneer,"The current bid is $3 for Lightly played Alakazam Holofoil Pokemon Card, valued at $28.25 on TCGPlayer. Do I hear any advance on $3?",3
2024-11-29 20:12:34,Buyer_0,bid,3
2024-11-29 20:12:34,Buyer_1,bid,3
2024-11-29 20:12:35,Buyer_2,pass,3
2024-11-29 20:12:35,Buyer_3,pass,3
2024-11-29 20:12:35,Buyer_4,pass,3
2024-11-29 20:12:36,Buyer_5,pass,3
2024-11-29 20:12:36,Buyer_6,pass,3
2024-11-29 20:12:36,Buyer_7,pass,3
2024-11-29 20:12:37,Buyer_8,bid,3
2024-11-29 20:12:37,Buyer_9,bid,3
2024-11-29 20:12:37,Auctioneer,"The current bid is $4 for Lightly played Alakazam Holofoil Pokemon Card, valued at $28.25 on TCGPlayer. Do I hear any advance on $4?",4
2024-11-29 20:12:37,Buyer_0,pass,4
2024-11-29 20:12:38,Buyer_1,pass,4
2024-11-29 20:12:38,Buyer_2,pass,4
2024-11-29 20:12:39,Buyer_3,pass,4
2024-11-29 20:12:39,Buyer_4,pass,4
2024-11-29 20:12:40,Buyer_5,pass,4
2024-11-29 20:12:40,Buyer_6,pass,4
2024-11-29 20:12:40,Buyer_7,pass,4
2024-11-29 20:12:41,Buyer_8,bid,4
2024-11-29 20:12:41,Buyer_9,bid,4
2024-11-29 20:12:41,Auctioneer,"The current bid is $5 for Lightly played Alakazam Holofoil Pokemon Card, valued at $28.25 on TCGPlayer. Do I hear any advance on $5?",5
2024-11-29 20:12:42,Buyer_0,pass,5
2024-11-29 20:12:42,Buyer_1,pass,5
2024-11-29 20:12:42,Buyer_2,pass,5
2024-11-29 20:12:43,Buyer_3,pass,5
2024-11-29 20:12:43,Buyer_4,pass,5
2024-11-29 20:12:44,Buyer_5,pass,5
2024-11-29 20:12:44,Buyer_6,pass,5
2024-11-29 20:12:44,Buyer_7,pass,5
2024-11-29 20:12:45,Buyer_8,bid,5
2024-11-29 20:12:45,Buyer_9,bid,5
2024-11-29 20:12:45,Auctioneer,"The current bid is $6 for Lightly played Alakazam Holofoil Pokemon Card, valued at $28.25 on TCGPlayer. Do I hear any advance on $6?",6
2024-11-29 20:12:46,Buyer_0,pass,6
2024-11-29 20:12:46,Buyer_1,pass,6
2024-11-29 20:12:46,Buyer_2,pass,6
2024-11-29 20:12:47,Buyer_3,pass,6
2024-11-29 20:12:47,Buyer_4,pass,6
2024-11-29 20:12:48,Buyer_5,pass,6
2024-11-29 20:12:48,Buyer_6,pass,6
2024-11-29 20:12:48,Buyer_7,pass,6
2024-11-29 20:12:49,Buyer_8,bid,6
2024-11-29 20:12:49,Buyer_9,bid,6
2024-11-29 20:12:49,Auctioneer,"The current bid is $7 for Lightly played Alakazam Holofoil Pokemon Card, valued at $28.25 on TCGPlayer. Do I hear any advance on $7?",7
2024-11-29 20:12:50,Buyer_0,pass,7
2024-11-29 20:12:50,Buyer_1,pass,7
2024-11-29 20:12:50,Buyer_2,pass,7
2024-11-29 20:12:51,Buyer_3,pass,7
2024-11-29 20:12:52,Buyer_4,pass,7
2024-11-29 20:12:52,Buyer_5,pass,7
2024-11-29 20:12:52,Buyer_6,pass,7
2024-11-29 20:12:53,Buyer_7,pass,7
2024-11-29 20:12:53,Buyer_8,bid,7
2024-11-29 20:12:53,Buyer_9,bid,7
2024-11-29 20:12:53,Auctioneer,"The current bid is $8 for Lightly played Alakazam Holofoil Pokemon Card, valued at $28.25 on TCGPlayer. Do I hear any advance on $8?",8
2024-11-29 20:12:54,Buyer_0,pass,8
2024-11-29 20:12:54,Buyer_1,pass,8
2024-11-29 20:12:55,Buyer_2,pass,8
2024-11-29 20:12:55,Buyer_3,pass,8
2024-11-29 20:12:55,Buyer_4,pass,8
2024-11-29 20:12:56,Buyer_5,pass,8
2024-11-29 20:12:56,Buyer_6,pass,8
2024-11-29 20:12:57,Buyer_7,pass,8
2024-11-29 20:12:58,Buyer_8,bid,8
2024-11-29 20:12:58,Buyer_9,bid,8
2024-11-29 20:12:58,Auctioneer,"The current bid is $9 for Lightly played Alakazam Holofoil Pokemon Card, valued at $28.25 on TCGPlayer. Do I hear any advance on $9?",9
2024-11-29 20:13:02,Buyer_0,pass,9
2024-11-29 20:13:03,Buyer_1,pass,9
2024-11-29 20:13:04,Buyer_2,pass,9
2024-11-29 20:13:04,Buyer_3,pass,9
2024-11-29 20:13:05,Buyer_4,pass,9
2024-11-29 20:13:05,Buyer_5,pass,9
2024-11-29 20:13:05,Buyer_6,pass,9
2024-11-29 20:13:06,Buyer_7,pass,9
2024-11-29 20:13:06,Buyer_8,bid,9
2024-11-29 20:13:07,Buyer_9,bid,9
2024-11-29 20:13:07,Auctioneer,"The current bid is $10 for Lightly played Alakazam Holofoil Pokemon Card, valued at $28.25 on TCGPlayer. Do I hear any advance on $10?",10
2024-11-29 20:13:07,Buyer_0,pass,10
2024-11-29 20:13:08,Buyer_1,pass,10
2024-11-29 20:13:08,Buyer_2,pass,10
2024-11-29 20:13:08,Buyer_3,pass,10
2024-11-29 20:13:09,Buyer_4,pass,10
2024-11-29 20:13:09,Buyer_5,pass,10
2024-11-29 20:13:09,Buyer_6,pass,10
2024-11-29 20:13:10,Buyer_7,pass,10
2024-11-29 20:13:11,Buyer_8,bid,10
2024-11-29 20:13:11,Buyer_9,bid,10
2024-11-29 20:13:11,Auctioneer,"The current bid is $11 for Lightly played Alakazam Holofoil Pokemon Card, valued at $28.25 on TCGPlayer. Do I hear any advance on $11?",11
2024-11-29 20:13:12,Buyer_0,pass,11
2024-11-29 20:13:12,Buyer_1,pass,11
2024-11-29 20:13:12,Buyer_2,pass,11
2024-11-29 20:13:16,Buyer_3,pass,11
2024-11-29 20:13:17,Buyer_4,pass,11
2024-11-29 20:13:17,Buyer_5,pass,11
2024-11-29 20:13:18,Buyer_6,pass,11
2024-11-29 20:13:18,Buyer_7,pass,11
2024-11-29 20:13:18,Buyer_8,bid,11
2024-11-29 20:13:19,Buyer_9,bid,11
2024-11-29 20:13:19,Auctioneer,"The current bid is $12 for Lightly played Alakazam Holofoil Pokemon Card, valued at $28.25 on TCGPlayer. Do I hear any advance on $12?",12
2024-11-29 20:13:19,Buyer_0,pass,12
2024-11-29 20:13:20,Buyer_1,pass,12
2024-11-29 20:13:20,Buyer_2,pass,12
2024-11-29 20:13:21,Buyer_3,pass,12
2024-11-29 20:13:22,Buyer_4,pass,12
2024-11-29 20:13:22,Buyer_5,pass,12
2024-11-29 20:13:22,Buyer_6,pass,12
2024-11-29 20:13:23,Buyer_7,pass,12
2024-11-29 20:13:23,Buyer_8,bid,12
2024-11-29 20:13:23,Buyer_9,bid,12
2024-11-29 20:13:23,Auctioneer,"The current bid is $13 for Lightly played Alakazam Holofoil Pokemon Card, valued at $28.25 on TCGPlayer. Do I hear any advance on $13?",13
2024-11-29 20:13:24,Buyer_0,pass,13
2024-11-29 20:13:25,Buyer_1,pass,13
2024-11-29 20:13:25,Buyer_2,pass,13
2024-11-29 20:13:26,Buyer_3,pass,13
2024-11-29 20:13:26,Buyer_4,pass,13
2024-11-29 20:13:26,Buyer_5,pass,13
2024-11-29 20:13:27,Buyer_6,pass,13
2024-11-29 20:13:27,Buyer_7,pass,13
2024-11-29 20:13:27,Buyer_8,bid,13
2024-11-29 20:13:28,Buyer_9,bid,13
2024-11-29 20:13:28,Auctioneer,"The current bid is $14 for Lightly played Alakazam Holofoil Pokemon Card, valued at $28.25 on TCGPlayer. Do I hear any advance on $14?",14
2024-11-29 20:13:28,Buyer_0,pass,14
2024-11-29 20:13:28,Buyer_1,pass,14
2024-11-29 20:13:29,Buyer_2,pass,14
2024-11-29 20:13:29,Buyer_3,pass,14
2024-11-29 20:13:30,Buyer_4,pass,14
2024-11-29 20:13:30,Buyer_5,pass,14
2024-11-29 20:13:30,Buyer_6,pass,14
2024-11-29 20:13:31,Buyer_7,pass,14
2024-11-29 20:13:31,Buyer_8,bid,14
2024-11-29 20:13:31,Buyer_9,bid,14
2024-11-29 20:13:31,Auctioneer,"The current bid is $15 for Lightly played Alakazam Holofoil Pokemon Card, valued at $28.25 on TCGPlayer. Do I hear any advance on $15?",15
2024-11-29 20:13:32,Buyer_0,pass,15
2024-11-29 20:13:32,Buyer_1,pass,15
2024-11-29 20:13:33,Buyer_2,pass,15
2024-11-29 20:13:33,Buyer_3,pass,15
2024-11-29 20:13:33,Buyer_4,pass,15
2024-11-29 20:13:34,Buyer_5,pass,15
2024-11-29 20:13:34,Buyer_6,pass,15
2024-11-29 20:13:34,Buyer_7,pass,15
2024-11-29 20:13:39,Buyer_8,bid,15
2024-11-29 20:13:40,Buyer_9,pass,15
2024-11-29 20:13:40,Auctioneer,Buyer_0 pays $3,15
2024-11-29 20:13:40,Auctioneer,Buyer_1 pays $3,15
2024-11-29 20:13:40,Auctioneer,Buyer_2 pays $1,15
2024-11-29 20:13:40,Auctioneer,Buyer_3 pays $2,15
2024-11-29 20:13:40,Auctioneer,Buyer_4 pays $1,15
2024-11-29 20:13:40,Auctioneer,Buyer_5 pays $1,15
2024-11-29 20:13:40,Auctioneer,Buyer_7 pays $1,15
2024-11-29 20:13:40,Auctioneer,Buyer_8 pays $15,15
2024-11-29 20:13:40,Auctioneer,Buyer_9 pays $14,15
2024-11-29 20:17:51,Auctioneer,"The current bid is $0 for Lightly played Alakazam Holofoil Pokemon Card, valued at $28.25 on TCGPlayer. Do I hear any advance on $0?",0
2024-11-29 20:17:52,Buyer_0,bid,0
2024-11-29 20:17:52,Buyer_1,bid,0
2024-11-29 20:17:53,Buyer_2,bid,0
2024-11-29 20:17:53,Buyer_3,bid,0
2024-11-29 20:17:53,Buyer_4,bid,0
2024-11-29 20:17:54,Buyer_5,bid,0
2024-11-29 20:17:54,Buyer_6,bid,0
2024-11-29 20:17:55,Buyer_7,bid,0
2024-11-29 20:17:55,Buyer_8,bid,0
2024-11-29 20:17:55,Buyer_9,bid,0
2024-11-29 20:17:55,Auctioneer,"The current bid is $1 for Lightly played Alakazam Holofoil Pokemon Card, valued at $28.25 on TCGPlayer. Do I hear any advance on $1?",1
2024-11-29 20:17:56,Buyer_0,bid,1
2024-11-29 20:17:56,Buyer_1,bid,1
2024-11-29 20:17:56,Buyer_2,bid,1
2024-11-29 20:17:57,Buyer_3,bid,1
2024-11-29 20:17:57,Buyer_4,bid,1
2024-11-29 20:17:58,Buyer_5,pass,1
2024-11-29 20:17:58,Buyer_6,bid,1
2024-11-29 20:17:58,Buyer_7,bid,1
2024-11-29 20:17:59,Buyer_8,bid,1
2024-11-29 20:17:59,Buyer_9,bid,1
2024-11-29 20:17:59,Auctioneer,"The current bid is $2 for Lightly played Alakazam Holofoil Pokemon Card, valued at $28.25 on TCGPlayer. Do I hear any advance on $2?",2
2024-11-29 20:18:00,Buyer_0,bid,2
2024-11-29 20:18:00,Buyer_1,bid,2
2024-11-29 20:18:01,Buyer_2,bid,2
2024-11-29 20:18:01,Buyer_3,pass,2
2024-11-29 20:18:02,Buyer_4,pass,2
2024-11-29 20:18:02,Buyer_5,pass,2
2024-11-29 20:18:03,Buyer_6,bid,2
2024-11-29 20:18:03,Buyer_7,bid,2
2024-11-29 20:18:04,Buyer_8,bid,2
2024-11-29 20:18:04,Buyer_9,pass,2
2024-11-29 20:18:04,Auctioneer,"The current bid is $3 for Lightly played Alakazam Holofoil Pokemon Card, valued at $28.25 on TCGPlayer. Do I hear any advance on $3?",3
2024-11-29 20:18:05,Buyer_0,bid,3
2024-11-29 20:18:05,Buyer_1,pass,3
2024-11-29 20:18:06,Buyer_2,bid,3
2024-11-29 20:18:06,Buyer_3,pass,3
2024-11-29 20:18:07,Buyer_4,pass,3
2024-11-29 20:18:07,Buyer_5,pass,3
2024-11-29 20:18:08,Buyer_6,bid,3
2024-11-29 20:18:08,Buyer_7,bid,3
2024-11-29 20:18:08,Buyer_8,bid,3
2024-11-29 20:18:09,Buyer_9,pass,3
2024-11-29 20:18:09,Auctioneer,"The current bid is $4 for Lightly played Alakazam Holofoil Pokemon Card, valued at $28.25 on TCGPlayer. Do I hear any advance on $4?",4
2024-11-29 20:18:09,Buyer_0,bid,4
2024-11-29 20:18:09,Buyer_1,pass,4
2024-11-29 20:18:10,Buyer_2,bid,4
2024-11-29 20:18:10,Buyer_3,pass,4
2024-11-29 20:18:10,Buyer_4,pass,4
2024-11-29 20:18:11,Buyer_5,pass,4
2024-11-29 20:18:11,Buyer_6,bid,4
2024-11-29 20:18:12,Buyer_7,pass,4
2024-11-29 20:18:12,Buyer_8,pass,4
2024-11-29 20:18:12,Buyer_9,pass,4
2024-11-29 20:18:12,Auctioneer,"The current bid is $5 for Lightly played Alakazam Holofoil Pokemon Card, valued at $28.25 on TCGPlayer. Do I hear any advance on $5?",5
2024-11-29 20:18:13,Buyer_0,bid,5
2024-11-29 20:18:13,Buyer_1,pass,5
2024-11-29 20:18:13,Buyer_2,bid,5
2024-11-29 20:18:14,Buyer_3,pass,5
2024-11-29 20:18:14,Buyer_4,pass,5
2024-11-29 20:18:15,Buyer_5,pass,5
2024-11-29 20:18:15,Buyer_6,bid,5
2024-11-29 20:18:15,Buyer_7,pass,5
2024-11-29 20:18:16,Buyer_8,pass,5
2024-11-29 20:18:16,Buyer_9,pass,5
2024-11-29 20:18:16,Auctioneer,"The current bid is $6 for Lightly played Alakazam Holofoil Pokemon Card, valued at $28.25 on TCGPlayer. Do I hear any advance on $6?",6
2024-11-29 20:18:17,Buyer_0,bid,6
2024-11-29 20:18:17,Buyer_1,pass,6
2024-11-29 20:18:18,Buyer_2,bid,6
2024-11-29 20:18:18,Buyer_3,pass,6
2024-11-29 20:18:19,Buyer_4,pass,6
2024-11-29 20:18:19,Buyer_5,pass,6
2024-11-29 20:18:19,Buyer_6,bid,6
2024-11-29 20:18:20,Buyer_7,pass,6
2024-11-29 20:18:20,Buyer_8,pass,6
2024-11-29 20:18:21,Buyer_9,pass,6
2024-11-29 20:18:21,Auctioneer,"The current bid is $7 for Lightly played Alakazam Holofoil Pokemon Card, valued at $28.25 on TCGPlayer. Do I hear any advance on $7?",7
2024-11-29 20:18:22,Buyer_0,bid,7
2024-11-29 20:18:22,Buyer_1,pass,7
2024-11-29 20:18:23,Buyer_2,bid,7
2024-11-29 20:18:23,Buyer_3,pass,7
2024-11-29 20:18:23,Buyer_4,pass,7
2024-11-29 20:18:24,Buyer_5,pass,7
2024-11-29 20:18:24,Buyer_6,bid,7
2024-11-29 20:18:24,Buyer_7,pass,7
2024-11-29 20:18:25,Buyer_8,pass,7
2024-11-29 20:18:25,Buyer_9,pass,7
2024-11-29 20:18:25,Auctioneer,"The current bid is $8 for Lightly played Alakazam Holofoil Pokemon Card, valued at $28.25 on TCGPlayer. Do I hear any advance on $8?",8
2024-11-29 20:18:25,Buyer_0,bid,8
2024-11-29 20:18:26,Buyer_1,pass,8
2024-11-29 20:18:26,Buyer_2,bid,8
2024-11-29 20:18:26,Buyer_3,pass,8
2024-11-29 20:18:27,Buyer_4,pass,8
2024-11-29 20:18:27,Buyer_5,pass,8
2024-11-29 20:18:28,Buyer_6,bid,8
2024-11-29 20:18:28,Buyer_7,pass,8
2024-11-29 20:18:28,Buyer_8,pass,8
2024-11-29 20:18:29,Buyer_9,pass,8
2024-11-29 20:18:29,Auctioneer,"The current bid is $9 for Lightly played Alakazam Holofoil Pokemon Card, valued at $28.25 on TCGPlayer. Do I hear any advance on $9?",9
2024-11-29 20:18:29,Buyer_0,bid,9
2024-11-29 20:18:30,Buyer_1,pass,9
2024-11-29 20:18:31,Buyer_2,bid,9
2024-11-29 20:18:31,Buyer_3,pass,9
2024-11-29 20:18:31,Buyer_4,pass,9
2024-11-29 20:18:32,Buyer_5,pass,9
2024-11-29 20:18:32,Buyer_6,bid,9
2024-11-29 20:18:33,Buyer_7,pass,9
2024-11-29 20:18:33,Buyer_8,pass,9
2024-11-29 20:18:34,Buyer_9,pass,9
2024-11-29 20:18:34,Auctioneer,"The current bid is $10 for Lightly played Alakazam Holofoil Pokemon Card, valued at $28.25 on TCGPlayer. Do I hear any advance on $10?",10
2024-11-29 20:18:34,Buyer_0,bid,10
2024-11-29 20:18:35,Buyer_1,pass,10
2024-11-29 20:18:35,Buyer_2,bid,10
2024-11-29 20:18:35,Buyer_3,pass,10
2024-11-29 20:18:36,Buyer_4,pass,10
2024-11-29 20:18:36,Buyer_5,pass,10
2024-11-29 20:18:36,Buyer_6,bid,10
2024-11-29 20:18:37,Buyer_7,pass,10
2024-11-29 20:18:37,Buyer_8,pass,10
2024-11-29 20:18:37,Buyer_9,pass,10
2024-11-29 20:18:37,Auctioneer,"The current bid is $11 for Lightly played Alakazam Holofoil Pokemon Card, valued at $28.25 on TCGPlayer. Do I hear any advance on $11?",11
2024-11-29 20:18:38,Buyer_0,bid,11
2024-11-29 20:18:38,Buyer_1,pass,11
2024-11-29 20:18:39,Buyer_2,bid,11
2024-11-29 20:18:39,Buyer_3,pass,11
2024-11-29 20:18:39,Buyer_4,pass,11
2024-11-29 20:18:40,Buyer_5,pass,11
2024-11-29 20:18:40,Buyer_6,bid,11
2024-11-29 20:18:40,Buyer_7,pass,11
2024-11-29 20:18:41,Buyer_8,pass,11
2024-11-29 20:18:41,Buyer_9,pass,11
2024-11-29 20:18:41,Auctioneer,"The current bid is $12 for Lightly played Alakazam Holofoil Pokemon Card, valued at $28.25 on TCGPlayer. Do I hear any advance on $12?",12
2024-11-29 20:18:42,Buyer_0,bid,12
2024-11-29 20:18:42,Buyer_1,pass,12
2024-11-29 20:18:43,Buyer_2,bid,12
2024-11-29 20:18:43,Buyer_3,pass,12
2024-11-29 20:18:43,Buyer_4,pass,12
2024-11-29 20:18:44,Buyer_5,pass,12
2024-11-29 20:18:44,Buyer_6,bid,12
2024-11-29 20:18:44,Buyer_7,pass,12
2024-11-29 20:18:45,Buyer_8,pass,12
2024-11-29 20:18:45,Buyer_9,pass,12
2024-11-29 20:18:45,Auctioneer,"The current bid is $13 for Lightly played Alakazam Holofoil Pokemon Card, valued at $28.25 on TCGPlayer. Do I hear any advance on $13?",13
2024-11-29 20:18:46,Buyer_0,bid,13
2024-11-29 20:18:47,Buyer_1,pass,13
2024-11-29 20:18:47,Buyer_2,bid,13
2024-11-29 20:18:48,Buyer_3,pass,13
2024-11-29 20:18:48,Buyer_4,pass,13
2024-11-29 20:18:48,Buyer_5,pass,13
2024-11-29 20:18:49,Buyer_6,bid,13
2024-11-29 20:18:49,Buyer_7,pass,13
2024-11-29 20:18:49,Buyer_8,pass,13
2024-11-29 20:18:50,Buyer_9,pass,13
2024-11-29 20:18:50,Auctioneer,"The current bid is $14 for Lightly played Alakazam Holofoil Pokemon Card, valued at $28.25 on TCGPlayer. Do I hear any advance on $14?",14
2024-11-29 20:18:50,Buyer_0,bid,14
2024-11-29 20:18:51,Buyer_1,pass,14
2024-11-29 20:18:51,Buyer_2,bid,14
2024-11-29 20:18:51,Buyer_3,pass,14
2024-11-29 20:18:52,Buyer_4,pass,14
2024-11-29 20:18:52,Buyer_5,pass,14
2024-11-29 20:18:52,Buyer_6,pass,14
2024-11-29 20:18:53,Buyer_7,pass,14
2024-11-29 20:18:53,Buyer_8,pass,14
2024-11-29 20:18:53,Buyer_9,pass,14
2024-11-29 20:18:53,Auctioneer,"The current bid is $15 for Lightly played Alakazam Holofoil Pokemon Card, valued at $28.25 on TCGPlayer. Do I hear any advance on $15?",15
2024-11-29 20:18:54,Buyer_0,bid,15
2024-11-29 20:18:55,Buyer_1,pass,15
2024-11-29 20:18:55,Buyer_2,pass,15
2024-11-29 20:18:56,Buyer_3,pass,15
2024-11-29 20:18:56,Buyer_4,pass,15
2024-11-29 20:18:56,Buyer_5,pass,15
2024-11-29 20:18:57,Buyer_6,pass,15
2024-11-29 20:18:57,Buyer_7,pass,15
2024-11-29 20:18:58,Buyer_8,pass,15
2024-11-29 20:18:59,Buyer_9,pass,15
2024-11-29 20:18:59,Auctioneer,Buyer_0 pays $15,15
2024-11-29 20:18:59,Auctioneer,Buyer_1 pays $2,15
2024-11-29 20:18:59,Auctioneer,Buyer_2 pays $14,15
2024-11-29 20:18:59,Auctioneer,Buyer_3 pays $1,15
2024-11-29 20:18:59,Auctioneer,Buyer_4 pays $1,15
2024-11-29 20:18:59,Auctioneer,Buyer_6 pays $13,15
2024-11-29 20:18:59,Auctioneer,Buyer_7 pays $3,15
2024-11-29 20:18:59,Auctioneer,Buyer_8 pays $3,15
2024-11-29 20:18:59,Auctioneer,Buyer_9 pays $1,15
2024-11-29 20:19:41,Auctioneer,"The current bid is $0 for Lightly played Alakazam Holofoil Pokemon Card, valued at $28.25 on TCGPlayer. Do I hear any advance on $0?",0
2024-11-29 20:19:42,Buyer_0,bid,0
2024-11-29 20:19:43,Buyer_1,bid,0
2024-11-29 20:19:43,Buyer_2,bid,0
2024-11-29 20:19:43,Buyer_3,bid,0
2024-11-29 20:19:44,Buyer_4,bid,0
2024-11-29 20:19:44,Buyer_5,bid,0
2024-11-29 20:19:45,Buyer_6,bid,0
2024-11-29 20:19:45,Buyer_7,bid,0
2024-11-29 20:19:46,Buyer_8,bid,0
2024-11-29 20:19:46,Buyer_9,bid,0
2024-11-29 20:19:46,Auctioneer,"The current bid is $1 for Lightly played Alakazam Holofoil Pokemon Card, valued at $28.25 on TCGPlayer. Do I hear any advance on $1?",1
2024-11-29 20:19:47,Buyer_0,bid,1
2024-11-29 20:19:47,Buyer_1,pass,1
2024-11-29 20:19:47,Buyer_2,bid,1
2024-11-29 20:19:48,Buyer_3,bid,1
2024-11-29 20:19:49,Buyer_4,bid,1
2024-11-29 20:19:49,Buyer_5,bid,1
2024-11-29 20:19:49,Buyer_6,bid,1
2024-11-29 20:19:50,Buyer_7,bid,1
2024-11-29 20:19:50,Buyer_8,bid,1
2024-11-29 20:19:51,Buyer_9,pass,1
2024-11-29 20:19:51,Auctioneer,"The current bid is $2 for Lightly played Alakazam Holofoil Pokemon Card, valued at $28.25 on TCGPlayer. Do I hear any advance on $2?",2
2024-11-29 20:19:51,Buyer_0,bid,2
2024-11-29 20:19:52,Buyer_1,pass,2
2024-11-29 20:19:52,Buyer_2,bid,2
2024-11-29 20:19:52,Buyer_3,bid,2
2024-11-29 20:19:53,Buyer_4,bid,2
2024-11-29 20:19:53,Buyer_5,bid,2
2024-11-29 20:19:53,Buyer_6,bid,2
2024-11-29 20:19:54,Buyer_7,bid,2
2024-11-29 20:19:54,Buyer_8,bid,2
2024-11-29 20:19:54,Buyer_9,pass,2
2024-11-29 20:19:54,Auctioneer,"The current bid is $3 for Lightly played Alakazam Holofoil Pokemon Card, valued at $28.25 on TCGPlayer. Do I hear any advance on $3?",3
2024-11-29 20:19:55,Buyer_0,pass,3
2024-11-29 20:19:56,Buyer_1,pass,3
2024-11-29 20:19:56,Buyer_2,bid,3
2024-11-29 20:19:56,Buyer_3,bid,3
2024-11-29 20:19:57,Buyer_4,bid,3
2024-11-29 20:19:57,Buyer_5,bid,3
2024-11-29 20:19:58,Buyer_6,bid,3
2024-11-29 20:19:58,Buyer_7,bid,3
2024-11-29 20:19:59,Buyer_8,bid,3
2024-11-29 20:19:59,Buyer_9,pass,3
2024-11-29 20:19:59,Auctioneer,"The current bid is $4 for Lightly played Alakazam Holofoil Pokemon Card, valued at $28.25 on TCGPlayer. Do I hear any advance on $4?",4
2024-11-29 20:20:00,Buyer_0,pass,4
2024-11-29 20:20:00,Buyer_1,pass,4
2024-11-29 20:20:00,Buyer_2,bid,4
2024-11-29 20:20:01,Buyer_3,bid,4
2024-11-29 20:20:01,Buyer_4,bid,4
2024-11-29 20:20:02,Buyer_5,bid,4
2024-11-29 20:20:02,Buyer_6,bid,4
2024-11-29 20:20:03,Buyer_7,bid,4
2024-11-29 20:20:03,Buyer_8,pass,4
2024-11-29 20:20:04,Buyer_9,pass,4
2024-11-29 20:20:04,Auctioneer,"The current bid is $5 for Lightly played Alakazam Holofoil Pokemon Card, valued at $28.25 on TCGPlayer. Do I hear any advance on $5?",5
2024-11-29 20:20:05,Buyer_0,pass,5
2024-11-29 20:20:06,Buyer_1,pass,5
2024-11-29 20:20:06,Buyer_2,bid,5
2024-11-29 20:20:07,Buyer_3,bid,5
2024-11-29 20:20:07,Buyer_4,bid,5
2024-11-29 20:20:07,Buyer_5,bid,5
2024-11-29 20:20:08,Buyer_6,bid,5
2024-11-29 20:20:08,Buyer_7,bid,5
2024-11-29 20:20:09,Buyer_8,pass,5
2024-11-29 20:20:09,Buyer_9,pass,5
2024-11-29 20:20:09,Auctioneer,"The current bid is $6 for Lightly played Alakazam Holofoil Pokemon Card, valued at $28.25 on TCGPlayer. Do I hear any advance on $6?",6
2024-11-29 20:20:09,Buyer_0,pass,6
2024-11-29 20:20:10,Buyer_1,pass,6
2024-11-29 20:20:12,Buyer_2,bid,6
2024-11-29 20:20:12,Buyer_3,bid,6
2024-11-29 20:20:12,Buyer_4,pass,6
2024-11-29 20:20:13,Buyer_5,bid,6
2024-11-29 20:20:13,Buyer_6,bid,6
2024-11-29 20:20:14,Buyer_7,bid,6
2024-11-29 20:20:14,Buyer_8,pass,6
2024-11-29 20:20:14,Buyer_9,pass,6
2024-11-29 20:20:14,Auctioneer,"The current bid is $7 for Lightly played Alakazam Holofoil Pokemon Card, valued at $28.25 on TCGPlayer. Do I hear any advance on $7?",7
2024-11-29 20:20:15,Buyer_0,pass,7
2024-11-29 20:20:16,Buyer_1,pass,7
2024-11-29 20:20:16,Buyer_2,bid,7
2024-11-29 20:20:17,Buyer_3,bid,7
2024-11-29 20:20:17,Buyer_4,pass,7
2024-11-29 20:20:17,Buyer_5,bid,7
2024-11-29 20:20:18,Buyer_6,bid,7
2024-11-29 20:20:18,Buyer_7,bid,7
2024-11-29 20:20:19,Buyer_8,pass,7
2024-11-29 20:20:19,Buyer_9,pass,7
2024-11-29 20:20:19,Auctioneer,"The current bid is $8 for Lightly played Alakazam Holofoil Pokemon Card, valued at $28.25 on TCGPlayer. Do I hear any advance on $8?",8
2024-11-29 20:20:19,Buyer_0,pass,8
2024-11-29 20:20:20,Buyer_1,pass,8
2024-11-29 20:20:20,Buyer_2,bid,8
2024-11-29 20:20:20,Buyer_3,pass,8
2024-11-29 20:20:21,Buyer_4,pass,8
2024-11-29 20:20:21,Buyer_5,bid,8
2024-11-29 20:20:22,Buyer_6,bid,8
2024-11-29 20:20:22,Buyer_7,bid,8
2024-11-29 20:20:22,Buyer_8,pass,8
2024-11-29 20:20:23,Buyer_9,pass,8
2024-11-29 20:20:23,Auctioneer,"The current bid is $9 for Lightly played Alakazam Holofoil Pokemon Card, valued at $28.25 on TCGPlayer. Do I hear any advance on $9?",9
2024-11-29 20:20:23,Buyer_0,pass,9
2024-11-29 20:20:23,Buyer_1,pass,9
2024-11-29 20:20:24,Buyer_2,bid,9
2024-11-29 20:20:24,Buyer_3,pass,9
2024-11-29 20:20:25,Buyer_4,pass,9
2024-11-29 20:20:25,Buyer_5,bid,9
2024-11-29 20:20:26,Buyer_6,bid,9
2024-11-29 20:20:26,Buyer_7,bid,9
2024-11-29 20:20:27,Buyer_8,pass,9
2024-11-29 20:20:27,Buyer_9,pass,9
2024-11-29 20:20:27,Auctioneer,"The current bid is $10 for Lightly played Alakazam Holofoil Pokemon Card, valued at $28.25 on TCGPlayer. Do I hear any advance on $10?",10
2024-11-29 20:20:28,Buyer_0,pass,10
2024-11-29 20:20:28,Buyer_1,pass,10
2024-11-29 20:20:29,Buyer_2,bid,10
2024-11-29 20:20:29,Buyer_3,pass,10
2024-11-29 20:20:29,Buyer_4,pass,10
2024-11-29 20:20:30,Buyer_5,bid,10
2024-11-29 20:20:30,Buyer_6,bid,10
2024-11-29 20:20:31,Buyer_7,bid,10
2024-11-29 20:20:31,Buyer_8,pass,10
2024-11-29 20:20:31,Buyer_9,pass,10
2024-11-29 20:20:31,Auctioneer,"The current bid is $11 for Lightly played Alakazam Holofoil Pokemon Card, valued at $28.25 on TCGPlayer. Do I hear any advance on $11?",11
2024-11-29 20:20:32,Buyer_0,pass,11
2024-11-29 20:20:32,Buyer_1,pass,11
2024-11-29 20:20:33,Buyer_2,bid,11
2024-11-29 20:20:33,Buyer_3,pass,11
2024-11-29 20:20:33,Buyer_4,pass,11
2024-11-29 20:20:34,Buyer_5,bid,11
2024-11-29 20:20:34,Buyer_6,bid,11
2024-11-29 20:20:35,Buyer_7,bid,11
2024-11-29 20:20:35,Buyer_8,pass,11
2024-11-29 20:20:36,Buyer_9,pass,11
2024-11-29 20:20:36,Auctioneer,"The current bid is $12 for Lightly played Alakazam Holofoil Pokemon Card, valued at $28.25 on TCGPlayer. Do I hear any advance on $12?",12
2024-11-29 20:20:36,Buyer_0,pass,12
2024-11-29 20:20:36,Buyer_1,pass,12
2024-11-29 20:20:37,Buyer_2,bid,12
2024-11-29 20:20:37,Buyer_3,pass,12
2024-11-29 20:20:38,Buyer_4,pass,12
2024-11-29 20:20:38,Buyer_5,bid,12
2024-11-29 20:20:39,Buyer_6,bid,12
2024-11-29 20:20:39,Buyer_7,bid,12
2024-11-29 20:20:39,Buyer_8,pass,12
2024-11-29 20:20:40,Buyer_9,pass,12
2024-11-29 20:20:40,Auctioneer,"The current bid is $13 for Lightly played Alakazam Holofoil Pokemon Card, valued at $28.25 on TCGPlayer. Do I hear any advance on $13?",13
2024-11-29 20:20:40,Buyer_0,pass,13
2024-11-29 20:20:41,Buyer_1,pass,13
2024-11-29 20:20:41,Buyer_2,bid,13
2024-11-29 20:20:42,Buyer_3,pass,13
2024-11-29 20:20:42,Buyer_4,pass,13
2024-11-29 20:20:42,Buyer_5,bid,13
2024-11-29 20:20:43,Buyer_6,bid,13
2024-11-29 20:20:43,Buyer_7,pass,13
2024-11-29 20:20:44,Buyer_8,pass,13
2024-11-29 20:20:44,Buyer_9,pass,13
2024-11-29 20:20:44,Auctioneer,"The current bid is $14 for Lightly played Alakazam Holofoil Pokemon Card, valued at $28.25 on TCGPlayer. Do I hear any advance on $14?",14
2024-11-29 20:20:44,Buyer_0,pass,14
2024-11-29 20:20:45,Buyer_1,pass,14
2024-11-29 20:20:45,Buyer_2,bid,14
2024-11-29 20:20:45,Buyer_3,pass,14
2024-11-29 20:20:46,Buyer_4,pass,14
2024-11-29 20:20:47,Buyer_5,pass,14
2024-11-29 20:20:47,Buyer_6,bid,14
2024-11-29 20:20:47,Buyer_7,pass,14
2024-11-29 20:20:48,Buyer_8,pass,14
2024-11-29 20:20:48,Buyer_9,pass,14
2024-11-29 20:20:48,Auctioneer,"The current bid is $15 for Lightly played Alakazam Holofoil Pokemon Card, valued at $28.25 on TCGPlayer. Do I hear any advance on $15?",15
2024-11-29 20:20:49,Buyer_0,pass,15
2024-11-29 20:20:49,Buyer_1,pass,15
2024-11-29 20:20:49,Buyer_2,bid,15
2024-11-29 20:20:50,Buyer_3,pass,15
2024-11-29 20:20:50,Buyer_4,pass,15
2024-11-29 20:20:50,Buyer_5,pass,15
2024-11-29 20:20:51,Buyer_6,pass,15
2024-11-29 20:20:52,Buyer_7,pass,15
2024-11-29 20:20:52,Buyer_8,pass,15
2024-11-29 20:20:52,Buyer_9,pass,15
2024-11-29 20:20:52,Auctioneer,Buyer_0 pays $2,15
2024-11-29 20:20:52,Auctioneer,Buyer_2 pays $15,15
2024-11-29 20:20:52,Auctioneer,Buyer_3 pays $7,15
2024-11-29 20:20:52,Auctioneer,Buyer_4 pays $5,15
2024-11-29 20:20:52,Auctioneer,Buyer_5 pays $13,15
2024-11-29 20:20:52,Auctioneer,Buyer_6 pays $14,15
2024-11-29 20:20:52,Auctioneer,Buyer_7 pays $12,15
2024-11-29 20:20:52,Auctioneer,Buyer_8 pays $3,15
2024-11-29 20:22:36,Auctioneer,"The current bid is $0 for Lightly played Alakazam Holofoil Pokemon Card, valued at $28.25 on TCGPlayer. Do I hear any advance on $0?",0
2024-11-29 20:22:37,Buyer_0,bid,0
2024-11-29 20:22:37,Buyer_1,bid,0
2024-11-29 20:22:37,Buyer_2,bid,0
2024-11-29 20:22:39,Buyer_3,bid,0
2024-11-29 20:22:40,Buyer_4,bid,0
2024-11-29 20:22:40,Buyer_5,bid,0
2024-11-29 20:22:41,Buyer_6,bid,0
2024-11-29 20:22:41,Buyer_7,bid,0
2024-11-29 20:22:41,Buyer_8,bid,0
2024-11-29 20:22:42,Buyer_9,bid,0
2024-11-29 20:22:42,Auctioneer,"The current bid is $1 for Lightly played Alakazam Holofoil Pokemon Card, valued at $28.25 on TCGPlayer. Do I hear any advance on $1?",1
2024-11-29 20:22:42,Buyer_0,bid,1
2024-11-29 20:22:42,Buyer_1,bid,1
2024-11-29 20:22:43,Buyer_2,bid,1
2024-11-29 20:22:43,Buyer_3,bid,1
2024-11-29 20:22:43,Buyer_4,bid,1
2024-11-29 20:22:44,Buyer_5,bid,1
2024-11-29 20:22:44,Buyer_6,bid,1
2024-11-29 20:22:45,Buyer_7,bid,1
2024-11-29 20:22:45,Buyer_8,bid,1
2024-11-29 20:22:46,Buyer_9,bid,1
2024-11-29 20:22:46,Auctioneer,"The current bid is $2 for Lightly played Alakazam Holofoil Pokemon Card, valued at $28.25 on TCGPlayer. Do I hear any advance on $2?",2
2024-11-29 20:22:46,Buyer_0,bid,2
2024-11-29 20:22:47,Buyer_1,bid,2
2024-11-29 20:22:47,Buyer_2,bid,2
2024-11-29 20:22:47,Buyer_3,pass,2
2024-11-29 20:22:48,Buyer_4,bid,2
2024-11-29 20:22:49,Buyer_5,bid,2
2024-11-29 20:22:49,Buyer_6,bid,2
2024-11-29 20:22:50,Buyer_7,bid,2
2024-11-29 20:22:50,Buyer_8,bid,2
2024-11-29 20:22:50,Buyer_9,bid,2
2024-11-29 20:22:50,Auctioneer,"The current bid is $3 for Lightly played Alakazam Holofoil Pokemon Card, valued at $28.25 on TCGPlayer. Do I hear any advance on $3?",3
2024-11-29 20:22:51,Buyer_0,pass,3
2024-11-29 20:22:51,Buyer_1,bid,3
2024-11-29 20:22:52,Buyer_2,bid,3
2024-11-29 20:22:52,Buyer_3,pass,3
2024-11-29 20:22:53,Buyer_4,bid,3
2024-11-29 20:22:53,Buyer_5,bid,3
2024-11-29 20:22:53,Buyer_6,bid,3
2024-11-29 20:22:54,Buyer_7,bid,3
2024-11-29 20:22:54,Buyer_8,bid,3
2024-11-29 20:22:55,Buyer_9,bid,3
2024-11-29 20:22:55,Auctioneer,"The current bid is $4 for Lightly played Alakazam Holofoil Pokemon Card, valued at $28.25 on TCGPlayer. Do I hear any advance on $4?",4
2024-11-29 20:22:55,Buyer_0,pass,4
2024-11-29 20:22:55,Buyer_1,pass,4
2024-11-29 20:22:56,Buyer_2,bid,4
2024-11-29 20:22:56,Buyer_3,pass,4
2024-11-29 20:22:57,Buyer_4,bid,4
2024-11-29 20:22:57,Buyer_5,bid,4
2024-11-29 20:22:57,Buyer_6,bid,4
2024-11-29 20:22:58,Buyer_7,bid,4
2024-11-29 20:22:58,Buyer_8,pass,4
2024-11-29 20:22:59,Buyer_9,bid,4
2024-11-29 20:22:59,Auctioneer,"The current bid is $5 for Lightly played Alakazam Holofoil Pokemon Card, valued at $28.25 on TCGPlayer. Do I hear any advance on $5?",5
2024-11-29 20:22:59,Buyer_0,pass,5
2024-11-29 20:23:00,Buyer_1,pass,5
2024-11-29 20:23:00,Buyer_2,pass,5
2024-11-29 20:23:00,Buyer_3,pass,5
2024-11-29 20:23:01,Buyer_4,pass,5
2024-11-29 20:23:01,Buyer_5,bid,5
2024-11-29 20:23:01,Buyer_6,bid,5
2024-11-29 20:23:02,Buyer_7,pass,5
2024-11-29 20:23:03,Buyer_8,pass,5
2024-11-29 20:23:03,Buyer_9,bid,5
2024-11-29 20:23:03,Auctioneer,"The current bid is $6 for Lightly played Alakazam Holofoil Pokemon Card, valued at $28.25 on TCGPlayer. Do I hear any advance on $6?",6
2024-11-29 20:23:04,Buyer_0,pass,6
2024-11-29 20:23:04,Buyer_1,pass,6
2024-11-29 20:23:05,Buyer_2,pass,6
2024-11-29 20:23:05,Buyer_3,pass,6
2024-11-29 20:23:06,Buyer_4,pass,6
2024-11-29 20:23:06,Buyer_5,bid,6
2024-11-29 20:23:06,Buyer_6,bid,6
2024-11-29 20:23:07,Buyer_7,pass,6
2024-11-29 20:23:07,Buyer_8,pass,6
2024-11-29 20:23:08,Buyer_9,bid,6
2024-11-29 20:23:08,Auctioneer,"The current bid is $7 for Lightly played Alakazam Holofoil Pokemon Card, valued at $28.25 on TCGPlayer. Do I hear any advance on $7?",7
2024-11-29 20:23:08,Buyer_0,pass,7
2024-11-29 20:23:08,Buyer_1,pass,7
2024-11-29 20:23:09,Buyer_2,pass,7
2024-11-29 20:23:09,Buyer_3,pass,7
2024-11-29 20:23:09,Buyer_4,pass,7
2024-11-29 20:23:10,Buyer_5,bid,7
2024-11-29 20:23:10,Buyer_6,bid,7
2024-11-29 20:23:11,Buyer_7,pass,7
2024-11-29 20:23:11,Buyer_8,pass,7
2024-11-29 20:23:11,Buyer_9,bid,7
2024-11-29 20:23:11,Auctioneer,"The current bid is $8 for Lightly played Alakazam Holofoil Pokemon Card, valued at $28.25 on TCGPlayer. Do I hear any advance on $8?",8
2024-11-29 20:23:12,Buyer_0,pass,8
2024-11-29 20:23:12,Buyer_1,pass,8
2024-11-29 20:23:13,Buyer_2,pass,8
2024-11-29 20:23:13,Buyer_3,pass,8
2024-11-29 20:23:14,Buyer_4,pass,8
2024-11-29 20:23:14,Buyer_5,bid,8
2024-11-29 20:23:14,Buyer_6,bid,8
2024-11-29 20:23:14,Buyer_7,pass,8
2024-11-29 20:23:15,Buyer_8,pass,8
2024-11-29 20:23:15,Buyer_9,bid,8
2024-11-29 20:23:15,Auctioneer,"The current bid is $9 for Lightly played Alakazam Holofoil Pokemon Card, valued at $28.25 on TCGPlayer. Do I hear any advance on $9?",9
2024-11-29 20:23:16,Buyer_0,pass,9
2024-11-29 20:23:16,Buyer_1,pass,9
2024-11-29 20:23:17,Buyer_2,pass,9
2024-11-29 20:23:17,Buyer_3,pass,9
2024-11-29 20:23:17,Buyer_4,pass,9
2024-11-29 20:23:18,Buyer_5,bid,9
2024-11-29 20:23:18,Buyer_6,bid,9
2024-11-29 20:23:19,Buyer_7,pass,9
2024-11-29 20:23:19,Buyer_8,pass,9
2024-11-29 20:23:19,Buyer_9,bid,9
2024-11-29 20:23:19,Auctioneer,"The current bid is $10 for Lightly played Alakazam Holofoil Pokemon Card, valued at $28.25 on TCGPlayer. Do I hear any advance on $10?",10
2024-11-29 20:23:20,Buyer_0,pass,10
2024-11-29 20:23:20,Buyer_1,pass,10
2024-11-29 20:23:20,Buyer_2,pass,10
2024-11-29 20:23:21,Buyer_3,pass,10
2024-11-29 20:23:21,Buyer_4,pass,10
2024-11-29 20:23:21,Buyer_5,bid,10
2024-11-29 20:23:22,Buyer_6,bid,10
2024-11-29 20:23:22,Buyer_7,pass,10
2024-11-29 20:23:22,Buyer_8,pass,10
2024-11-29 20:23:23,Buyer_9,bid,10
2024-11-29 20:23:23,Auctioneer,"The current bid is $11 for Lightly played Alakazam Holofoil Pokemon Card, valued at $28.25 on TCGPlayer. Do I hear any advance on $11?",11
2024-11-29 20:23:23,Buyer_0,pass,11
2024-11-29 20:23:24,Buyer_1,pass,11
2024-11-29 20:23:24,Buyer_2,pass,11
2024-11-29 20:23:24,Buyer_3,pass,11
2024-11-29 20:23:25,Buyer_4,pass,11
2024-11-29 20:23:26,Buyer_5,bid,11
2024-11-29 20:23:26,Buyer_6,bid,11
2024-11-29 20:23:26,Buyer_7,pass,11
2024-11-29 20:23:27,Buyer_8,pass,11
2024-11-29 20:23:27,Buyer_9,bid,11
2024-11-29 20:23:27,Auctioneer,"The current bid is $12 for Lightly played Alakazam Holofoil Pokemon Card, valued at $28.25 on TCGPlayer. Do I hear any advance on $12?",12
2024-11-29 20:23:28,Buyer_0,pass,12
2024-11-29 20:23:28,Buyer_1,pass,12
2024-11-29 20:23:29,Buyer_2,pass,12
2024-11-29 20:23:29,Buyer_3,pass,12
2024-11-29 20:23:29,Buyer_4,pass,12
2024-11-29 20:23:30,Buyer_5,bid,12
2024-11-29 20:23:30,Buyer_6,bid,12
2024-11-29 20:23:31,Buyer_7,pass,12
2024-11-29 20:23:31,Buyer_8,pass,12
2024-11-29 20:23:32,Buyer_9,bid,12
2024-11-29 20:23:32,Auctioneer,"The current bid is $13 for Lightly played Alakazam Holofoil Pokemon Card, valued at $28.25 on TCGPlayer. Do I hear any advance on $13?",13
2024-11-29 20:23:32,Buyer_0,pass,13
2024-11-29 20:23:33,Buyer_1,pass,13
2024-11-29 20:23:33,Buyer_2,pass,13
2024-11-29 20:23:33,Buyer_3,pass,13
2024-11-29 20:23:34,Buyer_4,pass,13
2024-11-29 20:23:35,Buyer_5,bid,13
2024-11-29 20:23:36,Buyer_6,bid,13
2024-11-29 20:23:36,Buyer_7,pass,13
2024-11-29 20:23:37,Buyer_8,pass,13
2024-11-29 20:23:37,Buyer_9,bid,13
2024-11-29 20:23:37,Auctioneer,"The current bid is $14 for Lightly played Alakazam Holofoil Pokemon Card, valued at $28.25 on TCGPlayer. Do I hear any advance on $14?",14
2024-11-29 20:23:37,Buyer_0,pass,14
2024-11-29 20:23:38,Buyer_1,pass,14
2024-11-29 20:23:38,Buyer_2,pass,14
2024-11-29 20:23:39,Buyer_3,pass,14
2024-11-29 20:23:39,Buyer_4,pass,14
2024-11-29 20:23:40,Buyer_5,bid,14
2024-11-29 20:23:41,Buyer_6,bid,14
2024-11-29 20:23:41,Buyer_7,pass,14
2024-11-29 20:23:42,Buyer_8,pass,14
2024-11-29 20:23:42,Buyer_9,bid,14
2024-11-29 20:23:42,Auctioneer,"The current bid is $15 for Lightly played Alakazam Holofoil Pokemon Card, valued at $28.25 on TCGPlayer. Do I hear any advance on $15?",15
2024-11-29 20:23:42,Buyer_0,pass,15
2024-11-29 20:23:43,Buyer_1,pass,15
2024-11-29 20:23:43,Buyer_2,pass,15
2024-11-29 20:23:44,Buyer_3,pass,15
2024-11-29 20:23:45,Buyer_4,pass,15
2024-11-29 20:23:45,Buyer_5,bid,15
2024-11-29 20:23:46,Buyer_6,bid,15
2024-11-29 20:23:46,Buyer_7,pass,15
2024-11-29 20:23:48,Buyer_8,pass,15
2024-11-29 20:23:48,Buyer_9,bid,15
2024-11-29 20:23:48,Auctioneer,"The current bid is $16 for Lightly played Alakazam Holofoil Pokemon Card, valued at $28.25 on TCGPlayer. Do I hear any advance on $16?",16
2024-11-29 20:23:49,Buyer_0,pass,16
2024-11-29 20:23:49,Buyer_1,pass,16
2024-11-29 20:23:49,Buyer_2,pass,16
2024-11-29 20:23:50,Buyer_3,pass,16
2024-11-29 20:23:50,Buyer_4,pass,16
2024-11-29 20:23:50,Buyer_5,bid,16
2024-11-29 20:23:51,Buyer_6,bid,16
2024-11-29 20:23:51,Buyer_7,pass,16
2024-11-29 20:23:52,Buyer_8,pass,16
2024-11-29 20:23:52,Buyer_9,bid,16
2024-11-29 20:23:52,Auctioneer,"The current bid is $17 for Lightly played Alakazam Holofoil Pokemon Card, valued at $28.25 on TCGPlayer. Do I hear any advance on $17?",17
2024-11-29 20:23:52,Buyer_0,pass,17
2024-11-29 20:23:53,Buyer_1,pass,17
2024-11-29 20:23:53,Buyer_2,pass,17
2024-11-29 20:23:53,Buyer_3,pass,17
2024-11-29 20:23:54,Buyer_4,pass,17
2024-11-29 20:23:54,Buyer_5,bid,17
2024-11-29 20:23:54,Buyer_6,bid,17
2024-11-29 20:23:55,Buyer_7,pass,17
2024-11-29 20:23:55,Buyer_8,pass,17
2024-11-29 20:23:55,Buyer_9,pass,17
2024-11-29 20:23:55,Auctioneer,"The current bid is $18 for Lightly played Alakazam Holofoil Pokemon Card, valued at $28.25 on TCGPlayer. Do I hear any advance on $18?",18
2024-11-29 20:23:56,Buyer_0,pass,18
2024-11-29 20:23:56,Buyer_1,pass,18
2024-11-29 20:23:57,Buyer_2,pass,18
2024-11-29 20:23:57,Buyer_3,pass,18
2024-11-29 20:23:58,Buyer_4,pass,18
2024-11-29 20:23:58,Buyer_5,bid,18
2024-11-29 20:23:59,Buyer_6,pass,18
2024-11-29 20:23:59,Buyer_7,pass,18
2024-11-29 20:23:59,Buyer_8,pass,18
2024-11-29 20:24:00,Buyer_9,pass,18
2024-11-29 20:24:00,Auctioneer,Buyer_0 pays $2,18
2024-11-29 20:24:00,Auctioneer,Buyer_1 pays $3,18
2024-11-29 20:24:00,Auctioneer,Buyer_2 pays $4,18
2024-11-29 20:24:00,Auctioneer,Buyer_3 pays $1,18
2024-11-29 20:24:00,Auctioneer,Buyer_4 pays $4,18
2024-11-29 20:24:00,Auctioneer,Buyer_5 pays $18,18
2024-11-29 20:24:00,Auctioneer,Buyer_6 pays $17,18
2024-11-29 20:24:00,Auctioneer,Buyer_7 pays $4,18
2024-11-29 20:24:00,Auctioneer,Buyer_8 pays $3,18
2024-11-29 20:24:00,Auctioneer,Buyer_9 pays $16,18
2024-11-29 20:24:14,Auctioneer,"The current bid is $0 for Lightly played Alakazam Holofoil Pokemon Card, valued at $28.25 on TCGPlayer. Do I hear any advance on $0?",0
2024-11-29 20:24:14,Buyer_0,bid,0
2024-11-29 20:24:15,Buyer_1,bid,0
2024-11-29 20:24:15,Buyer_2,bid,0
2024-11-29 20:24:16,Buyer_3,bid,0
2024-11-29 20:24:17,Buyer_4,bid,0
2024-11-29 20:24:17,Buyer_5,bid,0
2024-11-29 20:24:17,Buyer_6,bid,0
2024-11-29 20:24:18,Buyer_7,bid,0
2024-11-29 20:24:18,Buyer_8,bid,0
2024-11-29 20:24:19,Buyer_9,bid,0
2024-11-29 20:24:19,Auctioneer,"The current bid is $1 for Lightly played Alakazam Holofoil Pokemon Card, valued at $28.25 on TCGPlayer. Do I hear any advance on $1?",1
2024-11-29 20:24:19,Buyer_0,bid,1
2024-11-29 20:24:19,Buyer_1,bid,1
2024-11-29 20:24:20,Buyer_2,bid,1
2024-11-29 20:24:20,Buyer_3,bid,1
2024-11-29 20:24:21,Buyer_4,bid,1
2024-11-29 20:24:21,Buyer_5,bid,1
2024-11-29 20:24:21,Buyer_6,bid,1
2024-11-29 20:24:22,Buyer_7,bid,1
2024-11-29 20:24:22,Buyer_8,bid,1
2024-11-29 20:24:22,Buyer_9,bid,1
2024-11-29 20:24:22,Auctioneer,"The current bid is $2 for Lightly played Alakazam Holofoil Pokemon Card, valued at $28.25 on TCGPlayer. Do I hear any advance on $2?",2
2024-11-29 20:24:23,Buyer_0,bid,2
2024-11-29 20:24:23,Buyer_1,bid,2
2024-11-29 20:24:24,Buyer_2,bid,2
2024-11-29 20:24:25,Buyer_3,bid,2
2024-11-29 20:24:25,Buyer_4,bid,2
2024-11-29 20:24:25,Buyer_5,bid,2
2024-11-29 20:24:27,Buyer_6,bid,2
2024-11-29 20:24:27,Buyer_7,pass,2
2024-11-29 20:24:27,Buyer_8,pass,2
2024-11-29 20:24:28,Buyer_9,bid,2
2024-11-29 20:24:28,Auctioneer,"The current bid is $3 for Lightly played Alakazam Holofoil Pokemon Card, valued at $28.25 on TCGPlayer. Do I hear any advance on $3?",3
2024-11-29 20:24:28,Buyer_0,pass,3
2024-11-29 20:24:29,Buyer_1,bid,3
2024-11-29 20:24:29,Buyer_2,bid,3
2024-11-29 20:24:29,Buyer_3,bid,3
2024-11-29 20:24:30,Buyer_4,bid,3
2024-11-29 20:24:30,Buyer_5,bid,3
2024-11-29 20:24:31,Buyer_6,bid,3
2024-11-29 20:24:31,Buyer_7,pass,3
2024-11-29 20:24:32,Buyer_8,pass,3
2024-11-29 20:24:32,Buyer_9,bid,3
2024-11-29 20:24:32,Auctioneer,"The current bid is $4 for Lightly played Alakazam Holofoil Pokemon Card, valued at $28.25 on TCGPlayer. Do I hear any advance on $4?",4
2024-11-29 20:24:32,Buyer_0,pass,4
2024-11-29 20:24:33,Buyer_1,bid,4
2024-11-29 20:24:33,Buyer_2,bid,4
2024-11-29 20:24:33,Buyer_3,pass,4
2024-11-29 20:24:34,Buyer_4,pass,4
2024-11-29 20:24:34,Buyer_5,bid,4
2024-11-29 20:24:35,Buyer_6,bid,4
2024-11-29 20:24:35,Buyer_7,pass,4
2024-11-29 20:24:36,Buyer_8,pass,4
2024-11-29 20:24:36,Buyer_9,pass,4
2024-11-29 20:24:36,Auctioneer,"The current bid is $5 for Lightly played Alakazam Holofoil Pokemon Card, valued at $28.25 on TCGPlayer. Do I hear any advance on $5?",5
2024-11-29 20:24:36,Buyer_0,pass,5
2024-11-29 20:24:37,Buyer_1,bid,5
2024-11-29 20:24:37,Buyer_2,bid,5
2024-11-29 20:24:38,Buyer_3,pass,5
2024-11-29 20:24:39,Buyer_4,pass,5
2024-11-29 20:24:39,Buyer_5,pass,5
2024-11-29 20:24:40,Buyer_6,bid,5
2024-11-29 20:24:40,Buyer_7,pass,5
2024-11-29 20:24:41,Buyer_8,pass,5
2024-11-29 20:24:41,Buyer_9,pass,5
2024-11-29 20:24:41,Auctioneer,"The current bid is $6 for Lightly played Alakazam Holofoil Pokemon Card, valued at $28.25 on TCGPlayer. Do I hear any advance on $6?",6
2024-11-29 20:24:41,Buyer_0,pass,6
2024-11-29 20:24:42,Buyer_1,pass,6
2024-11-29 20:24:42,Buyer_2,bid,6
2024-11-29 20:24:43,Buyer_3,pass,6
2024-11-29 20:24:43,Buyer_4,pass,6
2024-11-29 20:24:44,Buyer_5,pass,6
2024-11-29 20:24:45,Buyer_6,bid,6
2024-11-29 20:24:45,Buyer_7,pass,6
2024-11-29 20:24:45,Buyer_8,pass,6
2024-11-29 20:24:46,Buyer_9,pass,6
2024-11-29 20:24:46,Auctioneer,"The current bid is $7 for Lightly played Alakazam Holofoil Pokemon Card, valued at $28.25 on TCGPlayer. Do I hear any advance on $7?",7
2024-11-29 20:24:46,Buyer_0,pass,7
2024-11-29 20:24:47,Buyer_1,pass,7
2024-11-29 20:24:47,Buyer_2,bid,7
2024-11-29 20:24:48,Buyer_3,pass,7
2024-11-29 20:24:48,Buyer_4,pass,7
2024-11-29 20:24:48,Buyer_5,pass,7
2024-11-29 20:24:49,Buyer_6,bid,7
2024-11-29 20:24:49,Buyer_7,pass,7
2024-11-29 20:24:50,Buyer_8,pass,7
2024-11-29 20:24:50,Buyer_9,pass,7
2024-11-29 20:24:50,Auctioneer,"The current bid is $8 for Lightly played Alakazam Holofoil Pokemon Card, valued at $28.25 on TCGPlayer. Do I hear any advance on $8?",8
2024-11-29 20:24:50,Buyer_0,pass,8
2024-11-29 20:24:51,Buyer_1,pass,8
2024-11-29 20:24:51,Buyer_2,bid,8
2024-11-29 20:24:52,Buyer_3,pass,8
2024-11-29 20:24:52,Buyer_4,pass,8
2024-11-29 20:24:52,Buyer_5,pass,8
2024-11-29 20:24:53,Buyer_6,bid,8
2024-11-29 20:24:53,Buyer_7,pass,8
2024-11-29 20:24:54,Buyer_8,pass,8
2024-11-29 20:24:54,Buyer_9,pass,8
2024-11-29 20:24:54,Auctioneer,"The current bid is $9 for Lightly played Alakazam Holofoil Pokemon Card, valued at $28.25 on TCGPlayer. Do I hear any advance on $9?",9
2024-11-29 20:24:55,Buyer_0,pass,9
2024-11-29 20:24:55,Buyer_1,pass,9
2024-11-29 20:24:56,Buyer_2,bid,9
2024-11-29 20:24:56,Buyer_3,pass,9
2024-11-29 20:24:57,Buyer_4,pass,9
2024-11-29 20:24:57,Buyer_5,pass,9
2024-11-29 20:24:57,Buyer_6,bid,9
2024-11-29 20:24:58,Buyer_7,pass,9
2024-11-29 20:24:58,Buyer_8,pass,9
2024-11-29 20:24:59,Buyer_9,pass,9
2024-11-29 20:24:59,Auctioneer,"The current bid is $10 for Lightly played Alakazam Holofoil Pokemon Card, valued at $28.25 on TCGPlayer. Do I hear any advance on $10?",10
2024-11-29 20:25:00,Buyer_0,pass,10
2024-11-29 20:25:01,Buyer_1,pass,10
2024-11-29 20:25:01,Buyer_2,bid,10
2024-11-29 20:25:04,Buyer_3,pass,10
2024-11-29 20:25:04,Buyer_4,pass,10
2024-11-29 20:25:05,Buyer_5,pass,10
2024-11-29 20:25:05,Buyer_6,bid,10
2024-11-29 20:25:05,Buyer_7,pass,10
2024-11-29 20:25:06,Buyer_8,pass,10
2024-11-29 20:25:06,Buyer_9,pass,10
2024-11-29 20:25:06,Auctioneer,"The current bid is $11 for Lightly played Alakazam Holofoil Pokemon Card, valued at $28.25 on TCGPlayer. Do I hear any advance on $11?",11
2024-11-29 20:25:07,Buyer_0,pass,11
2024-11-29 20:25:07,Buyer_1,pass,11
2024-11-29 20:25:07,Buyer_2,bid,11
2024-11-29 20:25:08,Buyer_3,pass,11
2024-11-29 20:25:08,Buyer_4,pass,11
2024-11-29 20:25:09,Buyer_5,pass,11
2024-11-29 20:25:09,Buyer_6,bid,11
2024-11-29 20:25:10,Buyer_7,pass,11
2024-11-29 20:25:10,Buyer_8,pass,11
2024-11-29 20:25:11,Buyer_9,pass,11
2024-11-29 20:25:11,Auctioneer,"The current bid is $12 for Lightly played Alakazam Holofoil Pokemon Card, valued at $28.25 on TCGPlayer. Do I hear any advance on $12?",12
2024-11-29 20:25:12,Buyer_0,pass,12
2024-11-29 20:25:12,Buyer_1,pass,12
2024-11-29 20:25:13,Buyer_2,bid,12
2024-11-29 20:25:13,Buyer_3,pass,12
2024-11-29 20:25:14,Buyer_4,pass,12
2024-11-29 20:25:14,Buyer_5,pass,12
2024-11-29 20:25:14,Buyer_6,bid,12
2024-11-29 20:25:15,Buyer_7,pass,12
2024-11-29 20:25:15,Buyer_8,pass,12
2024-11-29 20:25:16,Buyer_9,pass,12
2024-11-29 20:25:16,Auctioneer,"The current bid is $13 for Lightly played Alakazam Holofoil Pokemon Card, valued at $28.25 on TCGPlayer. Do I hear any advance on $13?",13
2024-11-29 20:25:16,Buyer_0,pass,13
2024-11-29 20:25:16,Buyer_1,pass,13
2024-11-29 20:25:17,Buyer_2,bid,13
2024-11-29 20:25:17,Buyer_3,pass,13
2024-11-29 20:25:17,Buyer_4,pass,13
2024-11-29 20:25:18,Buyer_5,pass,13
2024-11-29 20:25:18,Buyer_6,pass,13
2024-11-29 20:25:19,Buyer_7,pass,13
2024-11-29 20:25:19,Buyer_8,pass,13
2024-11-29 20:25:19,Buyer_9,pass,13
2024-11-29 20:25:19,Auctioneer,Buyer_0 pays $2,13
2024-11-29 20:25:19,Auctioneer,Buyer_1 pays $5,13
2024-11-29 20:25:19,Auctioneer,Buyer_2 pays $13,13
2024-11-29 20:25:19,Auctioneer,Buyer_3 pays $3,13
2024-11-29 20:25:19,Auctioneer,Buyer_4 pays $3,13
2024-11-29 20:25:19,Auctioneer,Buyer_5 pays $4,13
2024-11-29 20:25:19,Auctioneer,Buyer_6 pays $12,13
2024-11-29 20:25:19,Auctioneer,Buyer_7 pays $1,13
2024-11-29 20:25:19,Auctioneer,Buyer_8 pays $1,13
2024-11-29 20:25:19,Auctioneer,Buyer_9 pays $3,13
2024-11-29 20:25:37,Auctioneer,"The current bid is $0 for Lightly played Alakazam Holofoil Pokemon Card, valued at $28.25 on TCGPlayer. Do I hear any advance on $0?",0
2024-11-29 20:25:38,Buyer_0,bid,0
2024-11-29 20:25:38,Buyer_1,bid,0
2024-11-29 20:25:38,Buyer_2,bid,0
2024-11-29 20:25:39,Buyer_3,bid,0
2024-11-29 20:25:39,Buyer_4,bid,0
2024-11-29 20:25:40,Buyer_5,bid,0
2024-11-29 20:25:40,Buyer_6,bid,0
2024-11-29 20:25:41,Buyer_7,bid,0
2024-11-29 20:25:41,Buyer_8,bid,0
2024-11-29 20:25:42,Buyer_9,bid,0
2024-11-29 20:25:42,Auctioneer,"The current bid is $1 for Lightly played Alakazam Holofoil Pokemon Card, valued at $28.25 on TCGPlayer. Do I hear any advance on $1?",1
2024-11-29 20:25:43,Buyer_0,bid,1
2024-11-29 20:25:43,Buyer_1,bid,1
2024-11-29 20:25:43,Buyer_2,bid,1
2024-11-29 20:25:44,Buyer_3,bid,1
2024-11-29 20:25:44,Buyer_4,bid,1
2024-11-29 20:25:45,Buyer_5,bid,1
2024-11-29 20:25:45,Buyer_6,bid,1
2024-11-29 20:25:46,Buyer_7,bid,1
2024-11-29 20:25:47,Buyer_8,bid,1
2024-11-29 20:25:47,Buyer_9,bid,1
2024-11-29 20:25:47,Auctioneer,"The current bid is $2 for Lightly played Alakazam Holofoil Pokemon Card, valued at $28.25 on TCGPlayer. Do I hear any advance on $2?",2
2024-11-29 20:25:48,Buyer_0,bid,2
2024-11-29 20:25:48,Buyer_1,bid,2
2024-11-29 20:25:49,Buyer_2,bid,2
2024-11-29 20:25:49,Buyer_3,pass,2
2024-11-29 20:25:50,Buyer_4,bid,2
2024-11-29 20:25:50,Buyer_5,pass,2
2024-11-29 20:25:51,Buyer_6,bid,2
2024-11-29 20:25:51,Buyer_7,bid,2
2024-11-29 20:25:51,Buyer_8,bid,2
2024-11-29 20:25:52,Buyer_9,pass,2
2024-11-29 20:25:52,Auctioneer,"The current bid is $3 for Lightly played Alakazam Holofoil Pokemon Card, valued at $28.25 on TCGPlayer. Do I hear any advance on $3?",3
2024-11-29 20:25:52,Buyer_0,pass,3
2024-11-29 20:25:53,Buyer_1,bid,3
2024-11-29 20:25:53,Buyer_2,bid,3
2024-11-29 20:25:53,Buyer_3,pass,3
2024-11-29 20:25:54,Buyer_4,pass,3
2024-11-29 20:25:54,Buyer_5,pass,3
2024-11-29 20:25:55,Buyer_6,bid,3
2024-11-29 20:25:56,Buyer_7,bid,3
2024-11-29 20:25:56,Buyer_8,bid,3
2024-11-29 20:25:56,Buyer_9,pass,3
2024-11-29 20:25:56,Auctioneer,"The current bid is $4 for Lightly played Alakazam Holofoil Pokemon Card, valued at $28.25 on TCGPlayer. Do I hear any advance on $4?",4
2024-11-29 20:25:57,Buyer_0,pass,4
2024-11-29 20:25:58,Buyer_1,bid,4
2024-11-29 20:25:58,Buyer_2,bid,4
2024-11-29 20:25:59,Buyer_3,pass,4
2024-11-29 20:25:59,Buyer_4,pass,4
2024-11-29 20:25:59,Buyer_5,pass,4
2024-11-29 20:26:00,Buyer_6,bid,4
2024-11-29 20:26:00,Buyer_7,bid,4
2024-11-29 20:26:00,Buyer_8,bid,4
2024-11-29 20:26:01,Buyer_9,pass,4
2024-11-29 20:26:01,Auctioneer,"The current bid is $5 for Lightly played Alakazam Holofoil Pokemon Card, valued at $28.25 on TCGPlayer. Do I hear any advance on $5?",5
2024-11-29 20:26:01,Buyer_0,pass,5
2024-11-29 20:26:02,Buyer_1,bid,5
2024-11-29 20:26:02,Buyer_2,pass,5
2024-11-29 20:26:03,Buyer_3,pass,5
2024-11-29 20:26:04,Buyer_4,pass,5
2024-11-29 20:26:04,Buyer_5,pass,5
2024-11-29 20:26:04,Buyer_6,bid,5
2024-11-29 20:26:05,Buyer_7,bid,5
2024-11-29 20:26:05,Buyer_8,bid,5
2024-11-29 20:26:06,Buyer_9,pass,5
2024-11-29 20:26:06,Auctioneer,"The current bid is $6 for Lightly played Alakazam Holofoil Pokemon Card, valued at $28.25 on TCGPlayer. Do I hear any advance on $6?",6
2024-11-29 20:26:06,Buyer_0,pass,6
2024-11-29 20:26:07,Buyer_1,bid,6
2024-11-29 20:26:08,Buyer_2,pass,6
2024-11-29 20:26:08,Buyer_3,pass,6
2024-11-29 20:26:09,Buyer_4,pass,6
2024-11-29 20:26:10,Buyer_5,pass,6
2024-11-29 20:26:10,Buyer_6,bid,6
2024-11-29 20:26:11,Buyer_7,bid,6
2024-11-29 20:26:11,Buyer_8,bid,6
2024-11-29 20:26:11,Buyer_9,pass,6
2024-11-29 20:26:11,Auctioneer,"The current bid is $7 for Lightly played Alakazam Holofoil Pokemon Card, valued at $28.25 on TCGPlayer. Do I hear any advance on $7?",7
2024-11-29 20:26:12,Buyer_0,pass,7
2024-11-29 20:26:12,Buyer_1,pass,7
2024-11-29 20:26:12,Buyer_2,pass,7
2024-11-29 20:26:13,Buyer_3,pass,7
2024-11-29 20:26:14,Buyer_4,pass,7
2024-11-29 20:26:14,Buyer_5,pass,7
2024-11-29 20:26:14,Buyer_6,bid,7
2024-11-29 20:26:15,Buyer_7,bid,7
2024-11-29 20:26:15,Buyer_8,bid,7
2024-11-29 20:26:16,Buyer_9,pass,7
2024-11-29 20:26:16,Auctioneer,"The current bid is $8 for Lightly played Alakazam Holofoil Pokemon Card, valued at $28.25 on TCGPlayer. Do I hear any advance on $8?",8
2024-11-29 20:26:16,Buyer_0,pass,8
2024-11-29 20:26:17,Buyer_1,pass,8
2024-11-29 20:26:17,Buyer_2,pass,8
2024-11-29 20:26:17,Buyer_3,pass,8
2024-11-29 20:26:18,Buyer_4,pass,8
2024-11-29 20:26:19,Buyer_5,pass,8
2024-11-29 20:26:19,Buyer_6,bid,8
2024-11-29 20:26:20,Buyer_7,bid,8
2024-11-29 20:26:20,Buyer_8,bid,8
2024-11-29 20:26:20,Buyer_9,pass,8
2024-11-29 20:26:20,Auctioneer,"The current bid is $9 for Lightly played Alakazam Holofoil Pokemon Card, valued at $28.25 on TCGPlayer. Do I hear any advance on $9?",9
2024-11-29 20:26:21,Buyer_0,pass,9
2024-11-29 20:26:21,Buyer_1,pass,9
2024-11-29 20:26:21,Buyer_2,pass,9
2024-11-29 20:26:22,Buyer_3,pass,9
2024-11-29 20:26:22,Buyer_4,pass,9
2024-11-29 20:26:23,Buyer_5,pass,9
2024-11-29 20:26:23,Buyer_6,bid,9
2024-11-29 20:26:23,Buyer_7,bid,9
2024-11-29 20:26:24,Buyer_8,bid,9
2024-11-29 20:26:24,Buyer_9,pass,9
2024-11-29 20:26:24,Auctioneer,"The current bid is $10 for Lightly played Alakazam Holofoil Pokemon Card, valued at $28.25 on TCGPlayer. Do I hear any advance on $10?",10
2024-11-29 20:26:25,Buyer_0,pass,10
2024-11-29 20:26:26,Buyer_1,pass,10
2024-11-29 20:26:26,Buyer_2,pass,10
2024-11-29 20:26:27,Buyer_3,pass,10
2024-11-29 20:26:27,Buyer_4,pass,10
2024-11-29 20:26:27,Buyer_5,pass,10
2024-11-29 20:26:28,Buyer_6,bid,10
2024-11-29 20:26:28,Buyer_7,bid,10
2024-11-29 20:26:29,Buyer_8,bid,10
2024-11-29 20:26:29,Buyer_9,pass,10
2024-11-29 20:26:29,Auctioneer,"The current bid is $11 for Lightly played Alakazam Holofoil Pokemon Card, valued at $28.25 on TCGPlayer. Do I hear any advance on $11?",11
2024-11-29 20:26:29,Buyer_0,pass,11
2024-11-29 20:26:30,Buyer_1,pass,11
2024-11-29 20:26:30,Buyer_2,pass,11
2024-11-29 20:26:31,Buyer_3,pass,11
2024-11-29 20:26:31,Buyer_4,pass,11
2024-11-29 20:26:32,Buyer_5,pass,11
2024-11-29 20:26:32,Buyer_6,bid,11
2024-11-29 20:26:32,Buyer_7,bid,11
2024-11-29 20:26:33,Buyer_8,bid,11
2024-11-29 20:26:33,Buyer_9,pass,11
2024-11-29 20:26:33,Auctioneer,"The current bid is $12 for Lightly played Alakazam Holofoil Pokemon Card, valued at $28.25 on TCGPlayer. Do I hear any advance on $12?",12
2024-11-29 20:26:34,Buyer_0,pass,12
2024-11-29 20:26:34,Buyer_1,pass,12
2024-11-29 20:26:34,Buyer_2,pass,12
2024-11-29 20:26:35,Buyer_3,pass,12
2024-11-29 20:26:35,Buyer_4,pass,12
2024-11-29 20:26:35,Buyer_5,pass,12
2024-11-29 20:26:36,Buyer_6,bid,12
2024-11-29 20:26:36,Buyer_7,bid,12
2024-11-29 20:26:37,Buyer_8,bid,12
2024-11-29 20:26:37,Buyer_9,pass,12
2024-11-29 20:26:37,Auctioneer,"The current bid is $13 for Lightly played Alakazam Holofoil Pokemon Card, valued at $28.25 on TCGPlayer. Do I hear any advance on $13?",13
2024-11-29 20:26:38,Buyer_0,pass,13
2024-11-29 20:26:38,Buyer_1,pass,13
2024-11-29 20:26:39,Buyer_2,pass,13
2024-11-29 20:26:39,Buyer_3,pass,13
2024-11-29 20:26:40,Buyer_4,pass,13
2024-11-29 20:26:40,Buyer_5,pass,13
2024-11-29 20:26:40,Buyer_6,pass,13
2024-11-29 20:26:41,Buyer_7,bid,13
2024-11-29 20:26:41,Buyer_8,bid,13
2024-11-29 20:26:42,Buyer_9,pass,13
2024-11-29 20:26:42,Auctioneer,"The current bid is $14 for Lightly played Alakazam Holofoil Pokemon Card, valued at $28.25 on TCGPlayer. Do I hear any advance on $14?",14
2024-11-29 20:26:42,Buyer_0,pass,14
2024-11-29 20:26:43,Buyer_1,pass,14
2024-11-29 20:26:43,Buyer_2,pass,14
2024-11-29 20:26:43,Buyer_3,pass,14
2024-11-29 20:26:44,Buyer_4,pass,14
2024-11-29 20:26:44,Buyer_5,pass,14
2024-11-29 20:26:44,Buyer_6,pass,14
2024-11-29 20:26:45,Buyer_7,bid,14
2024-11-29 20:26:45,Buyer_8,bid,14
2024-11-29 20:26:46,Buyer_9,pass,14
2024-11-29 20:26:46,Auctioneer,"The current bid is $15 for Lightly played Alakazam Holofoil Pokemon Card, valued at $28.25 on TCGPlayer. Do I hear any advance on $15?",15
2024-11-29 20:26:46,Buyer_0,pass,15
2024-11-29 20:26:47,Buyer_1,pass,15
2024-11-29 20:26:47,Buyer_2,pass,15
2024-11-29 20:26:48,Buyer_3,pass,15
2024-11-29 20:26:48,Buyer_4,pass,15
2024-11-29 20:26:48,Buyer_5,pass,15
2024-11-29 20:26:49,Buyer_6,pass,15
2024-11-29 20:26:50,Buyer_7,bid,15
2024-11-29 20:26:50,Buyer_8,bid,15
2024-11-29 20:26:50,Buyer_9,pass,15
2024-11-29 20:26:50,Auctioneer,"The current bid is $16 for Lightly played Alakazam Holofoil Pokemon Card, valued at $28.25 on TCGPlayer. Do I hear any advance on $16?",16
2024-11-29 20:26:51,Buyer_0,pass,16
2024-11-29 20:26:51,Buyer_1,pass,16
2024-11-29 20:26:51,Buyer_2,pass,16
2024-11-29 20:26:52,Buyer_3,pass,16
2024-11-29 20:26:52,Buyer_4,pass,16
2024-11-29 20:26:53,Buyer_5,pass,16
2024-11-29 20:26:53,Buyer_6,pass,16
2024-11-29 20:26:53,Buyer_7,bid,16
2024-11-29 20:26:54,Buyer_8,bid,16
2024-11-29 20:26:54,Buyer_9,pass,16
2024-11-29 20:26:54,Auctioneer,"The current bid is $17 for Lightly played Alakazam Holofoil Pokemon Card, valued at $28.25 on TCGPlayer. Do I hear any advance on $17?",17
2024-11-29 20:26:55,Buyer_0,pass,17
2024-11-29 20:26:55,Buyer_1,pass,17
2024-11-29 20:26:55,Buyer_2,pass,17
2024-11-29 20:26:56,Buyer_3,pass,17
2024-11-29 20:26:56,Buyer_4,pass,17
2024-11-29 20:26:57,Buyer_5,pass,17
2024-11-29 20:26:57,Buyer_6,pass,17
2024-11-29 20:26:57,Buyer_7,pass,17
2024-11-29 20:26:58,Buyer_8,bid,17
2024-11-29 20:26:58,Buyer_9,pass,17
2024-11-29 20:26:58,Auctioneer,Buyer_0 pays $2,17
2024-11-29 20:26:58,Auctioneer,Buyer_1 pays $6,17
2024-11-29 20:26:58,Auctioneer,Buyer_2 pays $4,17
2024-11-29 20:26:58,Auctioneer,Buyer_3 pays $1,17
2024-11-29 20:26:58,Auctioneer,Buyer_4 pays $2,17
2024-11-29 20:26:58,Auctioneer,Buyer_5 pays $1,17
2024-11-29 20:26:58,Auctioneer,Buyer_6 pays $12,17
2024-11-29 20:26:58,Auctioneer,Buyer_7 pays $16,17
2024-11-29 20:26:58,Auctioneer,Buyer_8 pays $17,17
2024-11-29 20:26:58,Auctioneer,Buyer_9 pays $1,17
2024-11-29 20:28:59,Auctioneer,"The current bid is $0 for Lightly played Alakazam Holofoil Pokemon Card, valued at $28.25 on TCGPlayer. Do I hear any advance on $0?",0
2024-11-29 20:29:00,Buyer_0,bid,0
2024-11-29 20:29:00,Buyer_1,bid,0
2024-11-29 20:29:01,Buyer_2,bid,0
2024-11-29 20:29:01,Buyer_3,bid,0
2024-11-29 20:29:01,Buyer_4,bid,0
2024-11-29 20:29:02,Buyer_5,bid,0
2024-11-29 20:29:02,Buyer_6,bid,0
2024-11-29 20:29:03,Buyer_7,bid,0
2024-11-29 20:29:03,Buyer_8,bid,0
2024-11-29 20:29:03,Buyer_9,bid,0
2024-11-29 20:29:03,Auctioneer,"The current bid is $1 for Lightly played Alakazam Holofoil Pokemon Card, valued at $28.25 on TCGPlayer. Do I hear any advance on $1?",1
2024-11-29 20:29:04,Buyer_0,bid,1
2024-11-29 20:29:04,Buyer_1,bid,1
2024-11-29 20:29:04,Buyer_2,bid,1
2024-11-29 20:29:05,Buyer_3,bid,1
2024-11-29 20:29:05,Buyer_4,bid,1
2024-11-29 20:29:06,Buyer_5,bid,1
2024-11-29 20:29:06,Buyer_6,bid,1
2024-11-29 20:29:07,Buyer_7,bid,1
2024-11-29 20:29:07,Buyer_8,bid,1
2024-11-29 20:29:08,Buyer_9,bid,1
2024-11-29 20:29:08,Auctioneer,"The current bid is $2 for Lightly played Alakazam Holofoil Pokemon Card, valued at $28.25 on TCGPlayer. Do I hear any advance on $2?",2
2024-11-29 20:29:08,Buyer_0,bid,2
2024-11-29 20:29:09,Buyer_1,bid,2
2024-11-29 20:29:09,Buyer_2,bid,2
2024-11-29 20:29:09,Buyer_3,bid,2
2024-11-29 20:29:10,Buyer_4,bid,2
2024-11-29 20:29:10,Buyer_5,bid,2
2024-11-29 20:29:10,Buyer_6,bid,2
2024-11-29 20:29:11,Buyer_7,pass,2
2024-11-29 20:29:11,Buyer_8,bid,2
2024-11-29 20:29:12,Buyer_9,bid,2
2024-11-29 20:29:12,Auctioneer,"The current bid is $3 for Lightly played Alakazam Holofoil Pokemon Card, valued at $28.25 on TCGPlayer. Do I hear any advance on $3?",3
2024-11-29 20:29:12,Buyer_0,pass,3
2024-11-29 20:29:12,Buyer_1,bid,3
2024-11-29 20:29:13,Buyer_2,bid,3
2024-11-29 20:29:13,Buyer_3,bid,3
2024-11-29 20:29:14,Buyer_4,bid,3
2024-11-29 20:29:14,Buyer_5,pass,3
2024-11-29 20:29:14,Buyer_6,bid,3
2024-11-29 20:29:15,Buyer_7,pass,3
2024-11-29 20:29:15,Buyer_8,bid,3
2024-11-29 20:29:16,Buyer_9,bid,3
2024-11-29 20:29:16,Auctioneer,"The current bid is $4 for Lightly played Alakazam Holofoil Pokemon Card, valued at $28.25 on TCGPlayer. Do I hear any advance on $4?",4
2024-11-29 20:29:16,Buyer_0,pass,4
2024-11-29 20:29:17,Buyer_1,bid,4
2024-11-29 20:29:17,Buyer_2,bid,4
2024-11-29 20:29:18,Buyer_3,bid,4
2024-11-29 20:29:18,Buyer_4,pass,4
2024-11-29 20:29:18,Buyer_5,pass,4
2024-11-29 20:29:19,Buyer_6,bid,4
2024-11-29 20:29:20,Buyer_7,pass,4
2024-11-29 20:29:20,Buyer_8,bid,4
2024-11-29 20:29:21,Buyer_9,bid,4
2024-11-29 20:29:21,Auctioneer,"The current bid is $5 for Lightly played Alakazam Holofoil Pokemon Card, valued at $28.25 on TCGPlayer. Do I hear any advance on $5?",5
2024-11-29 20:29:21,Buyer_0,pass,5
2024-11-29 20:29:21,Buyer_1,bid,5
2024-11-29 20:29:22,Buyer_2,bid,5
2024-11-29 20:29:22,Buyer_3,pass,5
2024-11-29 20:29:23,Buyer_4,pass,5
2024-11-29 20:29:23,Buyer_5,pass,5
2024-11-29 20:29:23,Buyer_6,pass,5
2024-11-29 20:29:24,Buyer_7,pass,5
2024-11-29 20:29:24,Buyer_8,pass,5
2024-11-29 20:29:24,Buyer_9,pass,5
2024-11-29 20:29:24,Auctioneer,"The current bid is $6 for Lightly played Alakazam Holofoil Pokemon Card, valued at $28.25 on TCGPlayer. Do I hear any advance on $6?",6
2024-11-29 20:29:25,Buyer_0,pass,6
2024-11-29 20:29:25,Buyer_1,pass,6
2024-11-29 20:29:26,Buyer_2,bid,6
2024-11-29 20:29:26,Buyer_3,pass,6
2024-11-29 20:29:26,Buyer_4,pass,6
2024-11-29 20:29:27,Buyer_5,pass,6
2024-11-29 20:29:27,Buyer_6,pass,6
2024-11-29 20:29:28,Buyer_7,pass,6
2024-11-29 20:29:28,Buyer_8,pass,6
2024-11-29 20:29:28,Buyer_9,pass,6
2024-11-29 20:29:28,Auctioneer,Buyer_0 pays $2,6
2024-11-29 20:29:28,Auctioneer,Buyer_1 pays $5,6
2024-11-29 20:29:28,Auctioneer,Buyer_2 pays $6,6
2024-11-29 20:29:28,Auctioneer,Buyer_3 pays $4,6
2024-11-29 20:29:28,Auctioneer,Buyer_4 pays $3,6
2024-11-29 20:29:28,Auctioneer,Buyer_5 pays $2,6
2024-11-29 20:29:28,Auctioneer,Buyer_6 pays $4,6
2024-11-29 20:29:28,Auctioneer,Buyer_7 pays $1,6
2024-11-29 20:29:28,Auctioneer,Buyer_8 pays $4,6
2024-11-29 20:29:28,Auctioneer,Buyer_9 pays $4,6
2024-11-29 20:29:43,Auctioneer,"The current bid is $0 for Lightly played Alakazam Holofoil Pokemon Card, valued at $28.25 on TCGPlayer. Do I hear any advance on $0?",0
2024-11-29 20:29:44,Buyer_0,bid,0
2024-11-29 20:29:44,Buyer_1,bid,0
2024-11-29 20:29:45,Buyer_2,bid,0
2024-11-29 20:29:45,Buyer_3,bid,0
2024-11-29 20:29:46,Buyer_4,bid,0
2024-11-29 20:29:46,Buyer_5,bid,0
2024-11-29 20:29:46,Buyer_6,bid,0
2024-11-29 20:29:47,Buyer_7,bid,0
2024-11-29 20:29:47,Buyer_8,bid,0
2024-11-29 20:29:48,Buyer_9,bid,0
2024-11-29 20:29:48,Auctioneer,"The current bid is $1 for Lightly played Alakazam Holofoil Pokemon Card, valued at $28.25 on TCGPlayer. Do I hear any advance on $1?",1
2024-11-29 20:29:49,Buyer_0,pass,1
2024-11-29 20:29:49,Buyer_1,bid,1
2024-11-29 20:29:50,Buyer_2,bid,1
2024-11-29 20:29:50,Buyer_3,bid,1
2024-11-29 20:29:51,Buyer_4,bid,1
2024-11-29 20:29:51,Buyer_5,bid,1
2024-11-29 20:29:51,Buyer_6,pass,1
2024-11-29 20:29:52,Buyer_7,bid,1
2024-11-29 20:29:52,Buyer_8,pass,1
2024-11-29 20:29:52,Buyer_9,pass,1
2024-11-29 20:29:52,Auctioneer,"The current bid is $2 for Lightly played Alakazam Holofoil Pokemon Card, valued at $28.25 on TCGPlayer. Do I hear any advance on $2?",2
2024-11-29 20:29:53,Buyer_0,pass,2
2024-11-29 20:29:53,Buyer_1,pass,2
2024-11-29 20:29:54,Buyer_2,bid,2
2024-11-29 20:29:54,Buyer_3,bid,2
2024-11-29 20:29:54,Buyer_4,bid,2
2024-11-29 20:29:55,Buyer_5,bid,2
2024-11-29 20:29:55,Buyer_6,pass,2
2024-11-29 20:29:56,Buyer_7,bid,2
2024-11-29 20:29:56,Buyer_8,pass,2
2024-11-29 20:29:56,Buyer_9,pass,2
2024-11-29 20:29:56,Auctioneer,"The current bid is $3 for Lightly played Alakazam Holofoil Pokemon Card, valued at $28.25 on TCGPlayer. Do I hear any advance on $3?",3
2024-11-29 20:29:57,Buyer_0,pass,3
2024-11-29 20:29:57,Buyer_1,pass,3
2024-11-29 20:29:58,Buyer_2,bid,3
2024-11-29 20:29:58,Buyer_3,bid,3
2024-11-29 20:29:58,Buyer_4,bid,3
2024-11-29 20:29:59,Buyer_5,bid,3
2024-11-29 20:29:59,Buyer_6,pass,3
2024-11-29 20:30:00,Buyer_7,bid,3
2024-11-29 20:30:00,Buyer_8,pass,3
2024-11-29 20:30:01,Buyer_9,pass,3
2024-11-29 20:30:01,Auctioneer,"The current bid is $4 for Lightly played Alakazam Holofoil Pokemon Card, valued at $28.25 on TCGPlayer. Do I hear any advance on $4?",4
2024-11-29 20:30:01,Buyer_0,pass,4
2024-11-29 20:30:01,Buyer_1,pass,4
2024-11-29 20:30:02,Buyer_2,bid,4
2024-11-29 20:30:02,Buyer_3,bid,4
2024-11-29 20:30:03,Buyer_4,bid,4
2024-11-29 20:30:03,Buyer_5,bid,4
2024-11-29 20:30:03,Buyer_6,pass,4
2024-11-29 20:30:04,Buyer_7,bid,4
2024-11-29 20:30:04,Buyer_8,pass,4
2024-11-29 20:30:04,Buyer_9,pass,4
2024-11-29 20:30:04,Auctioneer,"The current bid is $5 for Lightly played Alakazam Holofoil Pokemon Card, valued at $28.25 on TCGPlayer. Do I hear any advance on $5?",5
2024-11-29 20:30:05,Buyer_0,pass,5
2024-11-29 20:30:06,Buyer_1,pass,5
2024-11-29 20:30:06,Buyer_2,bid,5
2024-11-29 20:30:07,Buyer_3,bid,5
2024-11-29 20:30:07,Buyer_4,pass,5
2024-11-29 20:30:07,Buyer_5,bid,5
2024-11-29 20:30:08,Buyer_6,pass,5
2024-11-29 20:30:08,Buyer_7,pass,5
2024-11-29 20:30:09,Buyer_8,pass,5
2024-11-29 20:30:09,Buyer_9,pass,5
2024-11-29 20:30:09,Auctioneer,"The current bid is $6 for Lightly played Alakazam Holofoil Pokemon Card, valued at $28.25 on TCGPlayer. Do I hear any advance on $6?",6
2024-11-29 20:30:10,Buyer_0,pass,6
2024-11-29 20:30:10,Buyer_1,pass,6
2024-11-29 20:30:11,Buyer_2,bid,6
2024-11-29 20:30:11,Buyer_3,bid,6
2024-11-29 20:30:12,Buyer_4,pass,6
2024-11-29 20:30:12,Buyer_5,bid,6
2024-11-29 20:30:12,Buyer_6,pass,6
2024-11-29 20:30:13,Buyer_7,pass,6
2024-11-29 20:30:13,Buyer_8,pass,6
2024-11-29 20:30:14,Buyer_9,pass,6
2024-11-29 20:30:14,Auctioneer,"The current bid is $7 for Lightly played Alakazam Holofoil Pokemon Card, valued at $28.25 on TCGPlayer. Do I hear any advance on $7?",7
2024-11-29 20:30:14,Buyer_0,pass,7
2024-11-29 20:30:15,Buyer_1,pass,7
2024-11-29 20:30:15,Buyer_2,pass,7
2024-11-29 20:30:16,Buyer_3,bid,7
2024-11-29 20:30:16,Buyer_4,pass,7
2024-11-29 20:30:16,Buyer_5,bid,7
2024-11-29 20:30:17,Buyer_6,pass,7
2024-11-29 20:30:17,Buyer_7,pass,7
2024-11-29 20:30:18,Buyer_8,pass,7
2024-11-29 20:30:18,Buyer_9,bid,7
2024-11-29 20:30:18,Auctioneer,"The current bid is $8 for Lightly played Alakazam Holofoil Pokemon Card, valued at $28.25 on TCGPlayer. Do I hear any advance on $8?",8
2024-11-29 20:30:18,Buyer_0,pass,8
2024-11-29 20:30:19,Buyer_1,pass,8
2024-11-29 20:30:19,Buyer_2,pass,8
2024-11-29 20:30:19,Buyer_3,pass,8
2024-11-29 20:30:20,Buyer_4,pass,8
2024-11-29 20:30:22,Buyer_5,bid,8
2024-11-29 20:30:22,Buyer_6,pass,8
2024-11-29 20:30:23,Buyer_7,pass,8
2024-11-29 20:30:23,Buyer_8,pass,8
2024-11-29 20:30:24,Buyer_9,bid,8
2024-11-29 20:30:24,Auctioneer,"The current bid is $9 for Lightly played Alakazam Holofoil Pokemon Card, valued at $28.25 on TCGPlayer. Do I hear any advance on $9?",9
2024-11-29 20:30:25,Buyer_0,pass,9
2024-11-29 20:30:25,Buyer_1,pass,9
2024-11-29 20:30:26,Buyer_2,pass,9
2024-11-29 20:30:26,Buyer_3,pass,9
2024-11-29 20:30:27,Buyer_4,pass,9
2024-11-29 20:30:27,Buyer_5,bid,9
2024-11-29 20:30:27,Buyer_6,pass,9
2024-11-29 20:30:28,Buyer_7,pass,9
2024-11-29 20:30:28,Buyer_8,pass,9
2024-11-29 20:30:29,Buyer_9,pass,9
2024-11-29 20:30:29,Auctioneer,Buyer_1 pays $1,9
2024-11-29 20:30:29,Auctioneer,Buyer_2 pays $6,9
2024-11-29 20:30:29,Auctioneer,Buyer_3 pays $7,9
2024-11-29 20:30:29,Auctioneer,Buyer_4 pays $4,9
2024-11-29 20:30:29,Auctioneer,Buyer_5 pays $9,9
2024-11-29 20:30:29,Auctioneer,Buyer_7 pays $4,9
2024-11-29 20:30:29,Auctioneer,Buyer_9 pays $8,9
2024-11-29 20:30:54,Auctioneer,"The current bid is $0 for Lightly played Alakazam Holofoil Pokemon Card, valued at $28.25 on TCGPlayer. Do I hear any advance on $0?",0
2024-11-29 20:30:55,Buyer_0,bid,0
2024-11-29 20:30:55,Buyer_1,bid,0
2024-11-29 20:30:56,Buyer_2,bid,0
2024-11-29 20:30:56,Buyer_3,bid,0
2024-11-29 20:30:57,Buyer_4,bid,0
2024-11-29 20:30:57,Buyer_5,bid,0
2024-11-29 20:31:02,Buyer_6,bid,0
2024-11-29 20:31:03,Buyer_7,bid,0
2024-11-29 20:31:03,Buyer_8,bid,0
2024-11-29 20:31:04,Buyer_9,bid,0
2024-11-29 20:31:04,Auctioneer,"The current bid is $1 for Lightly played Alakazam Holofoil Pokemon Card, valued at $28.25 on TCGPlayer. Do I hear any advance on $1?",1
2024-11-29 20:31:04,Buyer_0,bid,1
2024-11-29 20:31:04,Buyer_1,bid,1
2024-11-29 20:31:05,Buyer_2,bid,1
2024-11-29 20:31:05,Buyer_3,bid,1
2024-11-29 20:31:06,Buyer_4,bid,1
2024-11-29 20:31:06,Buyer_5,bid,1
2024-11-29 20:31:06,Buyer_6,bid,1
2024-11-29 20:31:07,Buyer_7,bid,1
2024-11-29 20:31:07,Buyer_8,pass,1
2024-11-29 20:31:07,Buyer_9,bid,1
2024-11-29 20:31:07,Auctioneer,"The current bid is $2 for Lightly played Alakazam Holofoil Pokemon Card, valued at $28.25 on TCGPlayer. Do I hear any advance on $2?",2
2024-11-29 20:31:08,Buyer_0,bid,2
2024-11-29 20:31:08,Buyer_1,bid,2
2024-11-29 20:31:09,Buyer_2,bid,2
2024-11-29 20:31:09,Buyer_3,bid,2
2024-11-29 20:31:09,Buyer_4,bid,2
2024-11-29 20:31:10,Buyer_5,bid,2
2024-11-29 20:31:10,Buyer_6,bid,2
2024-11-29 20:31:10,Buyer_7,bid,2
2024-11-29 20:31:11,Buyer_8,pass,2
2024-11-29 20:31:12,Buyer_9,bid,2
2024-11-29 20:31:12,Auctioneer,"The current bid is $3 for Lightly played Alakazam Holofoil Pokemon Card, valued at $28.25 on TCGPlayer. Do I hear any advance on $3?",3
2024-11-29 20:31:12,Buyer_0,bid,3
2024-11-29 20:31:13,Buyer_1,bid,3
2024-11-29 20:31:13,Buyer_2,bid,3
2024-11-29 20:31:13,Buyer_3,bid,3
2024-11-29 20:31:14,Buyer_4,pass,3
2024-11-29 20:31:14,Buyer_5,bid,3
2024-11-29 20:31:15,Buyer_6,bid,3
2024-11-29 20:31:15,Buyer_7,bid,3
2024-11-29 20:31:15,Buyer_8,pass,3
2024-11-29 20:31:16,Buyer_9,bid,3
2024-11-29 20:31:16,Auctioneer,"The current bid is $4 for Lightly played Alakazam Holofoil Pokemon Card, valued at $28.25 on TCGPlayer. Do I hear any advance on $4?",4
2024-11-29 20:31:17,Buyer_0,bid,4
2024-11-29 20:31:21,Buyer_1,bid,4
2024-11-29 20:31:22,Buyer_2,bid,4
2024-11-29 20:31:22,Buyer_3,bid,4
2024-11-29 20:31:22,Buyer_4,pass,4
2024-11-29 20:31:23,Buyer_5,bid,4
2024-11-29 20:31:23,Buyer_6,bid,4
2024-11-29 20:31:24,Buyer_7,pass,4
2024-11-29 20:31:24,Buyer_8,pass,4
2024-11-29 20:31:24,Buyer_9,bid,4
2024-11-29 20:31:24,Auctioneer,"The current bid is $5 for Lightly played Alakazam Holofoil Pokemon Card, valued at $28.25 on TCGPlayer. Do I hear any advance on $5?",5
2024-11-29 20:31:25,Buyer_0,bid,5
2024-11-29 20:31:25,Buyer_1,bid,5
2024-11-29 20:31:25,Buyer_2,bid,5
2024-11-29 20:31:26,Buyer_3,bid,5
2024-11-29 20:31:26,Buyer_4,pass,5
2024-11-29 20:31:26,Buyer_5,bid,5
2024-11-29 20:31:27,Buyer_6,bid,5
2024-11-29 20:31:27,Buyer_7,pass,5
2024-11-29 20:31:28,Buyer_8,pass,5
2024-11-29 20:31:28,Buyer_9,bid,5
2024-11-29 20:31:28,Auctioneer,"The current bid is $6 for Lightly played Alakazam Holofoil Pokemon Card, valued at $28.25 on TCGPlayer. Do I hear any advance on $6?",6
2024-11-29 20:31:29,Buyer_0,bid,6
2024-11-29 20:31:29,Buyer_1,bid,6
2024-11-29 20:31:29,Buyer_2,bid,6
2024-11-29 20:31:30,Buyer_3,bid,6
2024-11-29 20:31:31,Buyer_4,pass,6
2024-11-29 20:31:31,Buyer_5,bid,6
2024-11-29 20:31:31,Buyer_6,bid,6
2024-11-29 20:31:33,Buyer_7,pass,6
2024-11-29 20:31:34,Buyer_8,pass,6
2024-11-29 20:31:34,Buyer_9,bid,6
2024-11-29 20:31:34,Auctioneer,"The current bid is $7 for Lightly played Alakazam Holofoil Pokemon Card, valued at $28.25 on TCGPlayer. Do I hear any advance on $7?",7
2024-11-29 20:31:34,Buyer_0,bid,7
2024-11-29 20:31:35,Buyer_1,bid,7
2024-11-29 20:31:35,Buyer_2,bid,7
2024-11-29 20:31:35,Buyer_3,bid,7
2024-11-29 20:31:36,Buyer_4,pass,7
2024-11-29 20:31:36,Buyer_5,bid,7
2024-11-29 20:31:37,Buyer_6,bid,7
2024-11-29 20:31:37,Buyer_7,pass,7
2024-11-29 20:31:37,Buyer_8,pass,7
2024-11-29 20:31:38,Buyer_9,bid,7
2024-11-29 20:31:38,Auctioneer,"The current bid is $8 for Lightly played Alakazam Holofoil Pokemon Card, valued at $28.25 on TCGPlayer. Do I hear any advance on $8?",8
2024-11-29 20:31:38,Buyer_0,pass,8
2024-11-29 20:31:39,Buyer_1,bid,8
2024-11-29 20:31:39,Buyer_2,bid,8
2024-11-29 20:31:39,Buyer_3,bid,8
2024-11-29 20:31:40,Buyer_4,pass,8
2024-11-29 20:31:40,Buyer_5,bid,8
2024-11-29 20:31:40,Buyer_6,bid,8
2024-11-29 20:31:41,Buyer_7,pass,8
2024-11-29 20:31:42,Buyer_8,pass,8
2024-11-29 20:31:42,Buyer_9,bid,8
2024-11-29 20:31:42,Auctioneer,"The current bid is $9 for Lightly played Alakazam Holofoil Pokemon Card, valued at $28.25 on TCGPlayer. Do I hear any advance on $9?",9
2024-11-29 20:31:42,Buyer_0,pass,9
2024-11-29 20:31:43,Buyer_1,bid,9
2024-11-29 20:31:43,Buyer_2,bid,9
2024-11-29 20:31:43,Buyer_3,bid,9
2024-11-29 20:31:44,Buyer_4,pass,9
2024-11-29 20:31:44,Buyer_5,bid,9
2024-11-29 20:31:44,Buyer_6,bid,9
2024-11-29 20:31:45,Buyer_7,pass,9
2024-11-29 20:31:45,Buyer_8,pass,9
2024-11-29 20:31:45,Buyer_9,bid,9
2024-11-29 20:31:45,Auctioneer,"The current bid is $10 for Lightly played Alakazam Holofoil Pokemon Card, valued at $28.25 on TCGPlayer. Do I hear any advance on $10?",10
2024-11-29 20:31:46,Buyer_0,pass,10
2024-11-29 20:31:46,Buyer_1,bid,10
2024-11-29 20:31:47,Buyer_2,bid,10
2024-11-29 20:31:47,Buyer_3,bid,10
2024-11-29 20:31:47,Buyer_4,pass,10
2024-11-29 20:31:48,Buyer_5,bid,10
2024-11-29 20:31:49,Buyer_6,bid,10
2024-11-29 20:31:49,Buyer_7,pass,10
2024-11-29 20:31:49,Buyer_8,pass,10
2024-11-29 20:31:50,Buyer_9,bid,10
2024-11-29 20:31:50,Auctioneer,"The current bid is $11 for Lightly played Alakazam Holofoil Pokemon Card, valued at $28.25 on TCGPlayer. Do I hear any advance on $11?",11
2024-11-29 20:31:51,Buyer_0,pass,11
2024-11-29 20:31:51,Buyer_1,bid,11
2024-11-29 20:31:51,Buyer_2,bid,11
2024-11-29 20:31:53,Buyer_3,bid,11
2024-11-29 20:31:53,Buyer_4,pass,11
2024-11-29 20:31:53,Buyer_5,bid,11
2024-11-29 20:31:54,Buyer_6,bid,11
2024-11-29 20:31:54,Buyer_7,pass,11
2024-11-29 20:31:54,Buyer_8,pass,11
2024-11-29 20:31:55,Buyer_9,bid,11
2024-11-29 20:31:55,Auctioneer,"The current bid is $12 for Lightly played Alakazam Holofoil Pokemon Card, valued at $28.25 on TCGPlayer. Do I hear any advance on $12?",12
2024-11-29 20:31:55,Buyer_0,pass,12
2024-11-29 20:31:55,Buyer_1,bid,12
2024-11-29 20:31:56,Buyer_2,bid,12
2024-11-29 20:31:56,Buyer_3,bid,12
2024-11-29 20:31:56,Buyer_4,pass,12
2024-11-29 20:31:57,Buyer_5,bid,12
2024-11-29 20:31:57,Buyer_6,bid,12
2024-11-29 20:31:57,Buyer_7,pass,12
2024-11-29 20:31:58,Buyer_8,pass,12
2024-11-29 20:31:58,Buyer_9,bid,12
2024-11-29 20:31:58,Auctioneer,"The current bid is $13 for Lightly played Alakazam Holofoil Pokemon Card, valued at $28.25 on TCGPlayer. Do I hear any advance on $13?",13
2024-11-29 20:31:58,Buyer_0,pass,13
2024-11-29 20:31:59,Buyer_1,bid,13
2024-11-29 20:31:59,Buyer_2,bid,13
2024-11-29 20:31:59,Buyer_3,bid,13
2024-11-29 20:32:00,Buyer_4,pass,13
2024-11-29 20:32:00,Buyer_5,bid,13
2024-11-29 20:32:01,Buyer_6,bid,13
2024-11-29 20:32:01,Buyer_7,pass,13
2024-11-29 20:32:01,Buyer_8,pass,13
2024-11-29 20:32:02,Buyer_9,pass,13
2024-11-29 20:32:02,Auctioneer,"The current bid is $14 for Lightly played Alakazam Holofoil Pokemon Card, valued at $28.25 on TCGPlayer. Do I hear any advance on $14?",14
2024-11-29 20:32:02,Buyer_0,pass,14
2024-11-29 20:32:02,Buyer_1,bid,14
2024-11-29 20:32:03,Buyer_2,pass,14
2024-11-29 20:32:03,Buyer_3,bid,14
2024-11-29 20:32:03,Buyer_4,pass,14
2024-11-29 20:32:04,Buyer_5,pass,14
2024-11-29 20:32:04,Buyer_6,pass,14
2024-11-29 20:32:04,Buyer_7,pass,14
2024-11-29 20:32:05,Buyer_8,pass,14
2024-11-29 20:32:06,Buyer_9,pass,14
2024-11-29 20:32:06,Auctioneer,"The current bid is $15 for Lightly played Alakazam Holofoil Pokemon Card, valued at $28.25 on TCGPlayer. Do I hear any advance on $15?",15
2024-11-29 20:32:06,Buyer_0,pass,15
2024-11-29 20:32:07,Buyer_1,bid,15
2024-11-29 20:32:07,Buyer_2,pass,15
2024-11-29 20:32:08,Buyer_3,bid,15
2024-11-29 20:32:08,Buyer_4,pass,15
2024-11-29 20:32:08,Buyer_5,pass,15
2024-11-29 20:32:09,Buyer_6,pass,15
2024-11-29 20:32:09,Buyer_7,pass,15
2024-11-29 20:32:10,Buyer_8,pass,15
2024-11-29 20:32:11,Buyer_9,pass,15
2024-11-29 20:32:11,Auctioneer,"The current bid is $16 for Lightly played Alakazam Holofoil Pokemon Card, valued at $28.25 on TCGPlayer. Do I hear any advance on $16?",16
2024-11-29 20:32:11,Buyer_0,pass,16
2024-11-29 20:32:11,Buyer_1,bid,16
2024-11-29 20:32:12,Buyer_2,pass,16
2024-11-29 20:32:12,Buyer_3,bid,16
2024-11-29 20:32:12,Buyer_4,pass,16
2024-11-29 20:32:13,Buyer_5,pass,16
2024-11-29 20:32:13,Buyer_6,pass,16
2024-11-29 20:32:13,Buyer_7,pass,16
2024-11-29 20:32:14,Buyer_8,pass,16
2024-11-29 20:32:14,Buyer_9,pass,16
2024-11-29 20:32:14,Auctioneer,"The current bid is $17 for Lightly played Alakazam Holofoil Pokemon Card, valued at $28.25 on TCGPlayer. Do I hear any advance on $17?",17
2024-11-29 20:32:14,Buyer_0,pass,17
2024-11-29 20:32:15,Buyer_1,pass,17
2024-11-29 20:32:15,Buyer_2,pass,17
2024-11-29 20:32:16,Buyer_3,bid,17
2024-11-29 20:32:17,Buyer_4,pass,17
2024-11-29 20:32:17,Buyer_5,pass,17
2024-11-29 20:32:17,Buyer_6,pass,17
2024-11-29 20:32:18,Buyer_7,pass,17
2024-11-29 20:32:18,Buyer_8,pass,17
2024-11-29 20:32:18,Buyer_9,pass,17
2024-11-29 20:32:18,Auctioneer,Buyer_0 pays $7,17
2024-11-29 20:32:18,Auctioneer,Buyer_1 pays $16,17
2024-11-29 20:32:18,Auctioneer,Buyer_2 pays $13,17
2024-11-29 20:32:18,Auctioneer,Buyer_3 pays $17,17
2024-11-29 20:32:18,Auctioneer,Buyer_4 pays $2,17
2024-11-29 20:32:18,Auctioneer,Buyer_5 pays $13,17
2024-11-29 20:32:18,Auctioneer,Buyer_6 pays $13,17
2024-11-29 20:32:18,Auctioneer,Buyer_7 pays $3,17
2024-11-29 20:32:18,Auctioneer,Buyer_9 pays $12,17
